threshold,tp,tn,fp,fn,sensitivity,specificity,ppv,npv,youden_j,meets_ps_target
0.01,149,167,50,0,1.0,0.7695852534562212,0.7487437185929648,1.0,0.7695852534562211,False
0.011,149,168,49,0,1.0,0.7741935483870968,0.7525252525252525,1.0,0.7741935483870968,False
0.012,149,169,48,0,1.0,0.7788018433179723,0.7563451776649747,1.0,0.7788018433179724,False
0.013000000000000001,149,169,48,0,1.0,0.7788018433179723,0.7563451776649747,1.0,0.7788018433179724,False
0.014,149,169,48,0,1.0,0.7788018433179723,0.7563451776649747,1.0,0.7788018433179724,False
0.015,149,169,48,0,1.0,0.7788018433179723,0.7563451776649747,1.0,0.7788018433179724,False
0.016,149,169,48,0,1.0,0.7788018433179723,0.7563451776649747,1.0,0.7788018433179724,False
0.017,149,173,44,0,1.0,0.7972350230414746,0.772020725388601,1.0,0.7972350230414746,False
0.018000000000000002,149,174,43,0,1.0,0.8018433179723502,0.7760416666666666,1.0,0.8018433179723501,False
0.019000000000000003,149,174,43,0,1.0,0.8018433179723502,0.7760416666666666,1.0,0.8018433179723501,False
0.02,149,175,42,0,1.0,0.8064516129032258,0.7801047120418848,1.0,0.8064516129032258,False
0.020999999999999998,149,175,42,0,1.0,0.8064516129032258,0.7801047120418848,1.0,0.8064516129032258,False
0.022,149,175,42,0,1.0,0.8064516129032258,0.7801047120418848,1.0,0.8064516129032258,False
0.023,149,175,42,0,1.0,0.8064516129032258,0.7801047120418848,1.0,0.8064516129032258,False
0.024,149,177,40,0,1.0,0.815668202764977,0.7883597883597884,1.0,0.8156682027649769,False
0.025,149,177,40,0,1.0,0.815668202764977,0.7883597883597884,1.0,0.8156682027649769,False
0.026000000000000002,149,177,40,0,1.0,0.815668202764977,0.7883597883597884,1.0,0.8156682027649769,False
0.027000000000000003,149,177,40,0,1.0,0.815668202764977,0.7883597883597884,1.0,0.8156682027649769,False
0.028000000000000004,149,177,40,0,1.0,0.815668202764977,0.7883597883597884,1.0,0.8156682027649769,False
0.028999999999999998,149,177,40,0,1.0,0.815668202764977,0.7883597883597884,1.0,0.8156682027649769,False
0.03,149,177,40,0,1.0,0.815668202764977,0.7883597883597884,1.0,0.8156682027649769,False
0.031,149,178,39,0,1.0,0.8202764976958525,0.7925531914893617,1.0,0.8202764976958525,False
0.032,149,178,39,0,1.0,0.8202764976958525,0.7925531914893617,1.0,0.8202764976958525,False
0.033,149,178,39,0,1.0,0.8202764976958525,0.7925531914893617,1.0,0.8202764976958525,False
0.034,149,179,38,0,1.0,0.8248847926267281,0.7967914438502673,1.0,0.8248847926267282,False
0.035,149,179,38,0,1.0,0.8248847926267281,0.7967914438502673,1.0,0.8248847926267282,False
0.036000000000000004,149,179,38,0,1.0,0.8248847926267281,0.7967914438502673,1.0,0.8248847926267282,False
0.037,149,181,36,0,1.0,0.8341013824884793,0.8054054054054054,1.0,0.8341013824884793,False
0.038,149,181,36,0,1.0,0.8341013824884793,0.8054054054054054,1.0,0.8341013824884793,False
0.039,149,181,36,0,1.0,0.8341013824884793,0.8054054054054054,1.0,0.8341013824884793,False
0.04,149,182,35,0,1.0,0.8387096774193549,0.8097826086956522,1.0,0.838709677419355,False
0.041,149,182,35,0,1.0,0.8387096774193549,0.8097826086956522,1.0,0.838709677419355,False
0.042,149,182,35,0,1.0,0.8387096774193549,0.8097826086956522,1.0,0.838709677419355,False
0.043000000000000003,149,182,35,0,1.0,0.8387096774193549,0.8097826086956522,1.0,0.838709677419355,False
0.044000000000000004,149,182,35,0,1.0,0.8387096774193549,0.8097826086956522,1.0,0.838709677419355,False
0.045000000000000005,149,182,35,0,1.0,0.8387096774193549,0.8097826086956522,1.0,0.838709677419355,False
0.046000000000000006,149,182,35,0,1.0,0.8387096774193549,0.8097826086956522,1.0,0.838709677419355,False
0.047,149,182,35,0,1.0,0.8387096774193549,0.8097826086956522,1.0,0.838709677419355,False
0.048,149,182,35,0,1.0,0.8387096774193549,0.8097826086956522,1.0,0.838709677419355,False
0.049,149,182,35,0,1.0,0.8387096774193549,0.8097826086956522,1.0,0.838709677419355,False
0.05,149,182,35,0,1.0,0.8387096774193549,0.8097826086956522,1.0,0.838709677419355,False
0.051000000000000004,149,182,35,0,1.0,0.8387096774193549,0.8097826086956522,1.0,0.838709677419355,False
0.052000000000000005,149,182,35,0,1.0,0.8387096774193549,0.8097826086956522,1.0,0.838709677419355,False
0.053000000000000005,149,183,34,0,1.0,0.8433179723502304,0.8142076502732241,1.0,0.8433179723502304,False
0.054,149,183,34,0,1.0,0.8433179723502304,0.8142076502732241,1.0,0.8433179723502304,False
0.055,149,183,34,0,1.0,0.8433179723502304,0.8142076502732241,1.0,0.8433179723502304,False
0.056,149,183,34,0,1.0,0.8433179723502304,0.8142076502732241,1.0,0.8433179723502304,False
0.057,149,183,34,0,1.0,0.8433179723502304,0.8142076502732241,1.0,0.8433179723502304,False
0.058,149,183,34,0,1.0,0.8433179723502304,0.8142076502732241,1.0,0.8433179723502304,False
0.059000000000000004,149,183,34,0,1.0,0.8433179723502304,0.8142076502732241,1.0,0.8433179723502304,False
0.060000000000000005,149,183,34,0,1.0,0.8433179723502304,0.8142076502732241,1.0,0.8433179723502304,False
0.061000000000000006,149,183,34,0,1.0,0.8433179723502304,0.8142076502732241,1.0,0.8433179723502304,False
0.062000000000000006,149,183,34,0,1.0,0.8433179723502304,0.8142076502732241,1.0,0.8433179723502304,False
0.063,149,183,34,0,1.0,0.8433179723502304,0.8142076502732241,1.0,0.8433179723502304,False
0.064,149,183,34,0,1.0,0.8433179723502304,0.8142076502732241,1.0,0.8433179723502304,False
0.065,149,183,34,0,1.0,0.8433179723502304,0.8142076502732241,1.0,0.8433179723502304,False
0.066,149,183,34,0,1.0,0.8433179723502304,0.8142076502732241,1.0,0.8433179723502304,False
0.067,149,183,34,0,1.0,0.8433179723502304,0.8142076502732241,1.0,0.8433179723502304,False
0.068,149,183,34,0,1.0,0.8433179723502304,0.8142076502732241,1.0,0.8433179723502304,False
0.069,149,183,34,0,1.0,0.8433179723502304,0.8142076502732241,1.0,0.8433179723502304,False
0.06999999999999999,149,183,34,0,1.0,0.8433179723502304,0.8142076502732241,1.0,0.8433179723502304,False
0.071,149,183,34,0,1.0,0.8433179723502304,0.8142076502732241,1.0,0.8433179723502304,False
0.072,149,184,33,0,1.0,0.847926267281106,0.8186813186813187,1.0,0.8479262672811059,False
0.073,149,186,31,0,1.0,0.8571428571428571,0.8277777777777777,1.0,0.8571428571428572,True
0.074,149,186,31,0,1.0,0.8571428571428571,0.8277777777777777,1.0,0.8571428571428572,True
0.075,149,186,31,0,1.0,0.8571428571428571,0.8277777777777777,1.0,0.8571428571428572,True
0.076,149,186,31,0,1.0,0.8571428571428571,0.8277777777777777,1.0,0.8571428571428572,True
0.077,149,186,31,0,1.0,0.8571428571428571,0.8277777777777777,1.0,0.8571428571428572,True
0.078,149,186,31,0,1.0,0.8571428571428571,0.8277777777777777,1.0,0.8571428571428572,True
0.079,149,186,31,0,1.0,0.8571428571428571,0.8277777777777777,1.0,0.8571428571428572,True
0.08,149,186,31,0,1.0,0.8571428571428571,0.8277777777777777,1.0,0.8571428571428572,True
0.081,149,186,31,0,1.0,0.8571428571428571,0.8277777777777777,1.0,0.8571428571428572,True
0.082,149,186,31,0,1.0,0.8571428571428571,0.8277777777777777,1.0,0.8571428571428572,True
0.08299999999999999,149,186,31,0,1.0,0.8571428571428571,0.8277777777777777,1.0,0.8571428571428572,True
0.08399999999999999,149,186,31,0,1.0,0.8571428571428571,0.8277777777777777,1.0,0.8571428571428572,True
0.08499999999999999,149,186,31,0,1.0,0.8571428571428571,0.8277777777777777,1.0,0.8571428571428572,True
0.086,149,186,31,0,1.0,0.8571428571428571,0.8277777777777777,1.0,0.8571428571428572,True
0.087,149,186,31,0,1.0,0.8571428571428571,0.8277777777777777,1.0,0.8571428571428572,True
0.088,149,186,31,0,1.0,0.8571428571428571,0.8277777777777777,1.0,0.8571428571428572,True
0.089,149,188,29,0,1.0,0.8663594470046083,0.8370786516853933,1.0,0.8663594470046083,True
0.09,149,188,29,0,1.0,0.8663594470046083,0.8370786516853933,1.0,0.8663594470046083,True
0.091,149,188,29,0,1.0,0.8663594470046083,0.8370786516853933,1.0,0.8663594470046083,True
0.092,149,188,29,0,1.0,0.8663594470046083,0.8370786516853933,1.0,0.8663594470046083,True
0.093,149,188,29,0,1.0,0.8663594470046083,0.8370786516853933,1.0,0.8663594470046083,True
0.094,149,188,29,0,1.0,0.8663594470046083,0.8370786516853933,1.0,0.8663594470046083,True
0.095,149,188,29,0,1.0,0.8663594470046083,0.8370786516853933,1.0,0.8663594470046083,True
0.096,149,188,29,0,1.0,0.8663594470046083,0.8370786516853933,1.0,0.8663594470046083,True
0.097,149,188,29,0,1.0,0.8663594470046083,0.8370786516853933,1.0,0.8663594470046083,True
0.09799999999999999,149,188,29,0,1.0,0.8663594470046083,0.8370786516853933,1.0,0.8663594470046083,True
0.09899999999999999,149,188,29,0,1.0,0.8663594470046083,0.8370786516853933,1.0,0.8663594470046083,True
0.09999999999999999,149,188,29,0,1.0,0.8663594470046083,0.8370786516853933,1.0,0.8663594470046083,True
0.10099999999999999,149,189,28,0,1.0,0.8709677419354839,0.8418079096045198,1.0,0.870967741935484,True
0.102,149,189,28,0,1.0,0.8709677419354839,0.8418079096045198,1.0,0.870967741935484,True
0.103,148,189,28,1,0.9932885906040269,0.8709677419354839,0.8409090909090909,0.9947368421052631,0.8642563325395107,True
0.104,148,189,28,1,0.9932885906040269,0.8709677419354839,0.8409090909090909,0.9947368421052631,0.8642563325395107,True
0.105,148,189,28,1,0.9932885906040269,0.8709677419354839,0.8409090909090909,0.9947368421052631,0.8642563325395107,True
0.106,148,189,28,1,0.9932885906040269,0.8709677419354839,0.8409090909090909,0.9947368421052631,0.8642563325395107,True
0.107,148,189,28,1,0.9932885906040269,0.8709677419354839,0.8409090909090909,0.9947368421052631,0.8642563325395107,True
0.108,148,189,28,1,0.9932885906040269,0.8709677419354839,0.8409090909090909,0.9947368421052631,0.8642563325395107,True
0.109,148,189,28,1,0.9932885906040269,0.8709677419354839,0.8409090909090909,0.9947368421052631,0.8642563325395107,True
0.11,148,189,28,1,0.9932885906040269,0.8709677419354839,0.8409090909090909,0.9947368421052631,0.8642563325395107,True
0.111,148,189,28,1,0.9932885906040269,0.8709677419354839,0.8409090909090909,0.9947368421052631,0.8642563325395107,True
0.112,148,189,28,1,0.9932885906040269,0.8709677419354839,0.8409090909090909,0.9947368421052631,0.8642563325395107,True
0.113,148,189,28,1,0.9932885906040269,0.8709677419354839,0.8409090909090909,0.9947368421052631,0.8642563325395107,True
0.114,148,189,28,1,0.9932885906040269,0.8709677419354839,0.8409090909090909,0.9947368421052631,0.8642563325395107,True
0.11499999999999999,148,189,28,1,0.9932885906040269,0.8709677419354839,0.8409090909090909,0.9947368421052631,0.8642563325395107,True
0.11599999999999999,148,190,27,1,0.9932885906040269,0.8755760368663594,0.8457142857142858,0.9947643979057592,0.8688646274703862,True
0.11699999999999999,148,190,27,1,0.9932885906040269,0.8755760368663594,0.8457142857142858,0.9947643979057592,0.8688646274703862,True
0.118,148,191,26,1,0.9932885906040269,0.880184331797235,0.8505747126436781,0.9947916666666666,0.8734729224012618,True
0.119,148,191,26,1,0.9932885906040269,0.880184331797235,0.8505747126436781,0.9947916666666666,0.8734729224012618,True
0.12,148,191,26,1,0.9932885906040269,0.880184331797235,0.8505747126436781,0.9947916666666666,0.8734729224012618,True
0.121,148,191,26,1,0.9932885906040269,0.880184331797235,0.8505747126436781,0.9947916666666666,0.8734729224012618,True
0.122,148,191,26,1,0.9932885906040269,0.880184331797235,0.8505747126436781,0.9947916666666666,0.8734729224012618,True
0.123,148,191,26,1,0.9932885906040269,0.880184331797235,0.8505747126436781,0.9947916666666666,0.8734729224012618,True
0.124,148,191,26,1,0.9932885906040269,0.880184331797235,0.8505747126436781,0.9947916666666666,0.8734729224012618,True
0.125,148,191,26,1,0.9932885906040269,0.880184331797235,0.8505747126436781,0.9947916666666666,0.8734729224012618,True
0.126,148,191,26,1,0.9932885906040269,0.880184331797235,0.8505747126436781,0.9947916666666666,0.8734729224012618,True
0.127,148,191,26,1,0.9932885906040269,0.880184331797235,0.8505747126436781,0.9947916666666666,0.8734729224012618,True
0.128,148,191,26,1,0.9932885906040269,0.880184331797235,0.8505747126436781,0.9947916666666666,0.8734729224012618,True
0.129,148,191,26,1,0.9932885906040269,0.880184331797235,0.8505747126436781,0.9947916666666666,0.8734729224012618,True
0.13,148,191,26,1,0.9932885906040269,0.880184331797235,0.8505747126436781,0.9947916666666666,0.8734729224012618,True
0.131,148,191,26,1,0.9932885906040269,0.880184331797235,0.8505747126436781,0.9947916666666666,0.8734729224012618,True
0.132,148,191,26,1,0.9932885906040269,0.880184331797235,0.8505747126436781,0.9947916666666666,0.8734729224012618,True
0.133,148,191,26,1,0.9932885906040269,0.880184331797235,0.8505747126436781,0.9947916666666666,0.8734729224012618,True
0.134,148,191,26,1,0.9932885906040269,0.880184331797235,0.8505747126436781,0.9947916666666666,0.8734729224012618,True
0.135,148,191,26,1,0.9932885906040269,0.880184331797235,0.8505747126436781,0.9947916666666666,0.8734729224012618,True
0.136,148,191,26,1,0.9932885906040269,0.880184331797235,0.8505747126436781,0.9947916666666666,0.8734729224012618,True
0.137,148,191,26,1,0.9932885906040269,0.880184331797235,0.8505747126436781,0.9947916666666666,0.8734729224012618,True
0.138,148,191,26,1,0.9932885906040269,0.880184331797235,0.8505747126436781,0.9947916666666666,0.8734729224012618,True
0.139,148,191,26,1,0.9932885906040269,0.880184331797235,0.8505747126436781,0.9947916666666666,0.8734729224012618,True
0.14,148,191,26,1,0.9932885906040269,0.880184331797235,0.8505747126436781,0.9947916666666666,0.8734729224012618,True
0.14100000000000001,148,191,26,1,0.9932885906040269,0.880184331797235,0.8505747126436781,0.9947916666666666,0.8734729224012618,True
0.14200000000000002,148,191,26,1,0.9932885906040269,0.880184331797235,0.8505747126436781,0.9947916666666666,0.8734729224012618,True
0.14300000000000002,148,191,26,1,0.9932885906040269,0.880184331797235,0.8505747126436781,0.9947916666666666,0.8734729224012618,True
0.14400000000000002,148,191,26,1,0.9932885906040269,0.880184331797235,0.8505747126436781,0.9947916666666666,0.8734729224012618,True
0.14500000000000002,148,191,26,1,0.9932885906040269,0.880184331797235,0.8505747126436781,0.9947916666666666,0.8734729224012618,True
0.14600000000000002,148,191,26,1,0.9932885906040269,0.880184331797235,0.8505747126436781,0.9947916666666666,0.8734729224012618,True
0.14700000000000002,148,191,26,1,0.9932885906040269,0.880184331797235,0.8505747126436781,0.9947916666666666,0.8734729224012618,True
0.14800000000000002,148,191,26,1,0.9932885906040269,0.880184331797235,0.8505747126436781,0.9947916666666666,0.8734729224012618,True
0.14900000000000002,148,191,26,1,0.9932885906040269,0.880184331797235,0.8505747126436781,0.9947916666666666,0.8734729224012618,True
0.15000000000000002,148,191,26,1,0.9932885906040269,0.880184331797235,0.8505747126436781,0.9947916666666666,0.8734729224012618,True
0.15100000000000002,148,191,26,1,0.9932885906040269,0.880184331797235,0.8505747126436781,0.9947916666666666,0.8734729224012618,True
0.15200000000000002,148,191,26,1,0.9932885906040269,0.880184331797235,0.8505747126436781,0.9947916666666666,0.8734729224012618,True
0.15300000000000002,148,191,26,1,0.9932885906040269,0.880184331797235,0.8505747126436781,0.9947916666666666,0.8734729224012618,True
0.15400000000000003,148,191,26,1,0.9932885906040269,0.880184331797235,0.8505747126436781,0.9947916666666666,0.8734729224012618,True
0.155,148,191,26,1,0.9932885906040269,0.880184331797235,0.8505747126436781,0.9947916666666666,0.8734729224012618,True
0.156,148,191,26,1,0.9932885906040269,0.880184331797235,0.8505747126436781,0.9947916666666666,0.8734729224012618,True
0.157,148,191,26,1,0.9932885906040269,0.880184331797235,0.8505747126436781,0.9947916666666666,0.8734729224012618,True
0.158,148,191,26,1,0.9932885906040269,0.880184331797235,0.8505747126436781,0.9947916666666666,0.8734729224012618,True
0.159,148,191,26,1,0.9932885906040269,0.880184331797235,0.8505747126436781,0.9947916666666666,0.8734729224012618,True
0.16,148,191,26,1,0.9932885906040269,0.880184331797235,0.8505747126436781,0.9947916666666666,0.8734729224012618,True
0.161,148,191,26,1,0.9932885906040269,0.880184331797235,0.8505747126436781,0.9947916666666666,0.8734729224012618,True
0.162,148,191,26,1,0.9932885906040269,0.880184331797235,0.8505747126436781,0.9947916666666666,0.8734729224012618,True
0.163,148,191,26,1,0.9932885906040269,0.880184331797235,0.8505747126436781,0.9947916666666666,0.8734729224012618,True
0.164,148,191,26,1,0.9932885906040269,0.880184331797235,0.8505747126436781,0.9947916666666666,0.8734729224012618,True
0.165,148,191,26,1,0.9932885906040269,0.880184331797235,0.8505747126436781,0.9947916666666666,0.8734729224012618,True
0.166,148,191,26,1,0.9932885906040269,0.880184331797235,0.8505747126436781,0.9947916666666666,0.8734729224012618,True
0.167,148,191,26,1,0.9932885906040269,0.880184331797235,0.8505747126436781,0.9947916666666666,0.8734729224012618,True
0.168,148,191,26,1,0.9932885906040269,0.880184331797235,0.8505747126436781,0.9947916666666666,0.8734729224012618,True
0.169,148,192,25,1,0.9932885906040269,0.8847926267281107,0.8554913294797688,0.9948186528497409,0.8780812173321375,True
0.17,148,192,25,1,0.9932885906040269,0.8847926267281107,0.8554913294797688,0.9948186528497409,0.8780812173321375,True
0.171,148,193,24,1,0.9932885906040269,0.8894009216589862,0.8604651162790697,0.9948453608247423,0.882689512263013,True
0.17200000000000001,148,193,24,1,0.9932885906040269,0.8894009216589862,0.8604651162790697,0.9948453608247423,0.882689512263013,True
0.17300000000000001,148,193,24,1,0.9932885906040269,0.8894009216589862,0.8604651162790697,0.9948453608247423,0.882689512263013,True
0.17400000000000002,148,193,24,1,0.9932885906040269,0.8894009216589862,0.8604651162790697,0.9948453608247423,0.882689512263013,True
0.17500000000000002,148,193,24,1,0.9932885906040269,0.8894009216589862,0.8604651162790697,0.9948453608247423,0.882689512263013,True
0.17600000000000002,148,193,24,1,0.9932885906040269,0.8894009216589862,0.8604651162790697,0.9948453608247423,0.882689512263013,True
0.17700000000000002,148,193,24,1,0.9932885906040269,0.8894009216589862,0.8604651162790697,0.9948453608247423,0.882689512263013,True
0.17800000000000002,148,194,23,1,0.9932885906040269,0.8940092165898618,0.8654970760233918,0.9948717948717949,0.8872978071938886,True
0.17900000000000002,148,194,23,1,0.9932885906040269,0.8940092165898618,0.8654970760233918,0.9948717948717949,0.8872978071938886,True
0.18000000000000002,148,194,23,1,0.9932885906040269,0.8940092165898618,0.8654970760233918,0.9948717948717949,0.8872978071938886,True
0.18100000000000002,148,194,23,1,0.9932885906040269,0.8940092165898618,0.8654970760233918,0.9948717948717949,0.8872978071938886,True
0.18200000000000002,148,194,23,1,0.9932885906040269,0.8940092165898618,0.8654970760233918,0.9948717948717949,0.8872978071938886,True
0.18300000000000002,148,194,23,1,0.9932885906040269,0.8940092165898618,0.8654970760233918,0.9948717948717949,0.8872978071938886,True
0.18400000000000002,148,194,23,1,0.9932885906040269,0.8940092165898618,0.8654970760233918,0.9948717948717949,0.8872978071938886,True
0.18500000000000003,148,194,23,1,0.9932885906040269,0.8940092165898618,0.8654970760233918,0.9948717948717949,0.8872978071938886,True
0.186,148,194,23,1,0.9932885906040269,0.8940092165898618,0.8654970760233918,0.9948717948717949,0.8872978071938886,True
0.187,148,194,23,1,0.9932885906040269,0.8940092165898618,0.8654970760233918,0.9948717948717949,0.8872978071938886,True
0.188,148,194,23,1,0.9932885906040269,0.8940092165898618,0.8654970760233918,0.9948717948717949,0.8872978071938886,True
0.189,148,194,23,1,0.9932885906040269,0.8940092165898618,0.8654970760233918,0.9948717948717949,0.8872978071938886,True
0.19,148,194,23,1,0.9932885906040269,0.8940092165898618,0.8654970760233918,0.9948717948717949,0.8872978071938886,True
0.191,148,194,23,1,0.9932885906040269,0.8940092165898618,0.8654970760233918,0.9948717948717949,0.8872978071938886,True
0.192,148,194,23,1,0.9932885906040269,0.8940092165898618,0.8654970760233918,0.9948717948717949,0.8872978071938886,True
0.193,148,194,23,1,0.9932885906040269,0.8940092165898618,0.8654970760233918,0.9948717948717949,0.8872978071938886,True
0.194,148,194,23,1,0.9932885906040269,0.8940092165898618,0.8654970760233918,0.9948717948717949,0.8872978071938886,True
0.195,148,194,23,1,0.9932885906040269,0.8940092165898618,0.8654970760233918,0.9948717948717949,0.8872978071938886,True
0.196,148,194,23,1,0.9932885906040269,0.8940092165898618,0.8654970760233918,0.9948717948717949,0.8872978071938886,True
0.197,148,194,23,1,0.9932885906040269,0.8940092165898618,0.8654970760233918,0.9948717948717949,0.8872978071938886,True
0.198,148,194,23,1,0.9932885906040269,0.8940092165898618,0.8654970760233918,0.9948717948717949,0.8872978071938886,True
0.199,148,194,23,1,0.9932885906040269,0.8940092165898618,0.8654970760233918,0.9948717948717949,0.8872978071938886,True
0.2,148,194,23,1,0.9932885906040269,0.8940092165898618,0.8654970760233918,0.9948717948717949,0.8872978071938886,True
0.201,148,194,23,1,0.9932885906040269,0.8940092165898618,0.8654970760233918,0.9948717948717949,0.8872978071938886,True
0.202,148,194,23,1,0.9932885906040269,0.8940092165898618,0.8654970760233918,0.9948717948717949,0.8872978071938886,True
0.203,148,194,23,1,0.9932885906040269,0.8940092165898618,0.8654970760233918,0.9948717948717949,0.8872978071938886,True
0.20400000000000001,148,194,23,1,0.9932885906040269,0.8940092165898618,0.8654970760233918,0.9948717948717949,0.8872978071938886,True
0.20500000000000002,148,194,23,1,0.9932885906040269,0.8940092165898618,0.8654970760233918,0.9948717948717949,0.8872978071938886,True
0.20600000000000002,148,194,23,1,0.9932885906040269,0.8940092165898618,0.8654970760233918,0.9948717948717949,0.8872978071938886,True
0.20700000000000002,148,194,23,1,0.9932885906040269,0.8940092165898618,0.8654970760233918,0.9948717948717949,0.8872978071938886,True
0.20800000000000002,148,194,23,1,0.9932885906040269,0.8940092165898618,0.8654970760233918,0.9948717948717949,0.8872978071938886,True
0.20900000000000002,148,194,23,1,0.9932885906040269,0.8940092165898618,0.8654970760233918,0.9948717948717949,0.8872978071938886,True
0.21000000000000002,148,194,23,1,0.9932885906040269,0.8940092165898618,0.8654970760233918,0.9948717948717949,0.8872978071938886,True
0.21100000000000002,148,194,23,1,0.9932885906040269,0.8940092165898618,0.8654970760233918,0.9948717948717949,0.8872978071938886,True
0.21200000000000002,148,194,23,1,0.9932885906040269,0.8940092165898618,0.8654970760233918,0.9948717948717949,0.8872978071938886,True
0.21300000000000002,148,194,23,1,0.9932885906040269,0.8940092165898618,0.8654970760233918,0.9948717948717949,0.8872978071938886,True
0.21400000000000002,148,194,23,1,0.9932885906040269,0.8940092165898618,0.8654970760233918,0.9948717948717949,0.8872978071938886,True
0.21500000000000002,148,194,23,1,0.9932885906040269,0.8940092165898618,0.8654970760233918,0.9948717948717949,0.8872978071938886,True
0.21600000000000003,148,194,23,1,0.9932885906040269,0.8940092165898618,0.8654970760233918,0.9948717948717949,0.8872978071938886,True
0.21700000000000003,148,194,23,1,0.9932885906040269,0.8940092165898618,0.8654970760233918,0.9948717948717949,0.8872978071938886,True
0.21800000000000003,148,194,23,1,0.9932885906040269,0.8940092165898618,0.8654970760233918,0.9948717948717949,0.8872978071938886,True
0.219,148,194,23,1,0.9932885906040269,0.8940092165898618,0.8654970760233918,0.9948717948717949,0.8872978071938886,True
0.22,148,194,23,1,0.9932885906040269,0.8940092165898618,0.8654970760233918,0.9948717948717949,0.8872978071938886,True
0.221,148,194,23,1,0.9932885906040269,0.8940092165898618,0.8654970760233918,0.9948717948717949,0.8872978071938886,True
0.222,148,194,23,1,0.9932885906040269,0.8940092165898618,0.8654970760233918,0.9948717948717949,0.8872978071938886,True
0.223,148,194,23,1,0.9932885906040269,0.8940092165898618,0.8654970760233918,0.9948717948717949,0.8872978071938886,True
0.224,148,194,23,1,0.9932885906040269,0.8940092165898618,0.8654970760233918,0.9948717948717949,0.8872978071938886,True
0.225,148,194,23,1,0.9932885906040269,0.8940092165898618,0.8654970760233918,0.9948717948717949,0.8872978071938886,True
0.226,148,195,22,1,0.9932885906040269,0.8986175115207373,0.8705882352941177,0.9948979591836735,0.8919061021247643,True
0.227,148,195,22,1,0.9932885906040269,0.8986175115207373,0.8705882352941177,0.9948979591836735,0.8919061021247643,True
0.228,148,195,22,1,0.9932885906040269,0.8986175115207373,0.8705882352941177,0.9948979591836735,0.8919061021247643,True
0.229,148,195,22,1,0.9932885906040269,0.8986175115207373,0.8705882352941177,0.9948979591836735,0.8919061021247643,True
0.23,148,195,22,1,0.9932885906040269,0.8986175115207373,0.8705882352941177,0.9948979591836735,0.8919061021247643,True
0.231,148,195,22,1,0.9932885906040269,0.8986175115207373,0.8705882352941177,0.9948979591836735,0.8919061021247643,True
0.232,148,195,22,1,0.9932885906040269,0.8986175115207373,0.8705882352941177,0.9948979591836735,0.8919061021247643,True
0.233,148,195,22,1,0.9932885906040269,0.8986175115207373,0.8705882352941177,0.9948979591836735,0.8919061021247643,True
0.234,148,195,22,1,0.9932885906040269,0.8986175115207373,0.8705882352941177,0.9948979591836735,0.8919061021247643,True
0.23500000000000001,148,195,22,1,0.9932885906040269,0.8986175115207373,0.8705882352941177,0.9948979591836735,0.8919061021247643,True
0.23600000000000002,148,195,22,1,0.9932885906040269,0.8986175115207373,0.8705882352941177,0.9948979591836735,0.8919061021247643,True
0.23700000000000002,148,195,22,1,0.9932885906040269,0.8986175115207373,0.8705882352941177,0.9948979591836735,0.8919061021247643,True
0.23800000000000002,148,195,22,1,0.9932885906040269,0.8986175115207373,0.8705882352941177,0.9948979591836735,0.8919061021247643,True
0.23900000000000002,148,195,22,1,0.9932885906040269,0.8986175115207373,0.8705882352941177,0.9948979591836735,0.8919061021247643,True
0.24000000000000002,148,195,22,1,0.9932885906040269,0.8986175115207373,0.8705882352941177,0.9948979591836735,0.8919061021247643,True
0.24100000000000002,148,195,22,1,0.9932885906040269,0.8986175115207373,0.8705882352941177,0.9948979591836735,0.8919061021247643,True
0.24200000000000002,148,195,22,1,0.9932885906040269,0.8986175115207373,0.8705882352941177,0.9948979591836735,0.8919061021247643,True
0.24300000000000002,148,195,22,1,0.9932885906040269,0.8986175115207373,0.8705882352941177,0.9948979591836735,0.8919061021247643,True
0.24400000000000002,148,195,22,1,0.9932885906040269,0.8986175115207373,0.8705882352941177,0.9948979591836735,0.8919061021247643,True
0.24500000000000002,148,195,22,1,0.9932885906040269,0.8986175115207373,0.8705882352941177,0.9948979591836735,0.8919061021247643,True
0.24600000000000002,148,195,22,1,0.9932885906040269,0.8986175115207373,0.8705882352941177,0.9948979591836735,0.8919061021247643,True
0.24700000000000003,148,195,22,1,0.9932885906040269,0.8986175115207373,0.8705882352941177,0.9948979591836735,0.8919061021247643,True
0.24800000000000003,148,195,22,1,0.9932885906040269,0.8986175115207373,0.8705882352941177,0.9948979591836735,0.8919061021247643,True
0.24900000000000003,148,195,22,1,0.9932885906040269,0.8986175115207373,0.8705882352941177,0.9948979591836735,0.8919061021247643,True
0.25,148,195,22,1,0.9932885906040269,0.8986175115207373,0.8705882352941177,0.9948979591836735,0.8919061021247643,True
0.251,148,195,22,1,0.9932885906040269,0.8986175115207373,0.8705882352941177,0.9948979591836735,0.8919061021247643,True
0.252,148,195,22,1,0.9932885906040269,0.8986175115207373,0.8705882352941177,0.9948979591836735,0.8919061021247643,True
0.253,148,195,22,1,0.9932885906040269,0.8986175115207373,0.8705882352941177,0.9948979591836735,0.8919061021247643,True
0.254,148,196,21,1,0.9932885906040269,0.9032258064516129,0.8757396449704142,0.9949238578680203,0.8965143970556397,True
0.255,148,197,20,1,0.9932885906040269,0.9078341013824884,0.8809523809523809,0.9949494949494949,0.9011226919865152,True
0.256,148,197,20,1,0.9932885906040269,0.9078341013824884,0.8809523809523809,0.9949494949494949,0.9011226919865152,True
0.257,147,197,20,2,0.9865771812080537,0.9078341013824884,0.8802395209580839,0.9899497487437185,0.8944112825905421,True
0.258,147,197,20,2,0.9865771812080537,0.9078341013824884,0.8802395209580839,0.9899497487437185,0.8944112825905421,True
0.259,147,197,20,2,0.9865771812080537,0.9078341013824884,0.8802395209580839,0.9899497487437185,0.8944112825905421,True
0.26,147,197,20,2,0.9865771812080537,0.9078341013824884,0.8802395209580839,0.9899497487437185,0.8944112825905421,True
0.261,147,197,20,2,0.9865771812080537,0.9078341013824884,0.8802395209580839,0.9899497487437185,0.8944112825905421,True
0.262,147,197,20,2,0.9865771812080537,0.9078341013824884,0.8802395209580839,0.9899497487437185,0.8944112825905421,True
0.263,147,197,20,2,0.9865771812080537,0.9078341013824884,0.8802395209580839,0.9899497487437185,0.8944112825905421,True
0.264,147,197,20,2,0.9865771812080537,0.9078341013824884,0.8802395209580839,0.9899497487437185,0.8944112825905421,True
0.265,147,197,20,2,0.9865771812080537,0.9078341013824884,0.8802395209580839,0.9899497487437185,0.8944112825905421,True
0.266,147,197,20,2,0.9865771812080537,0.9078341013824884,0.8802395209580839,0.9899497487437185,0.8944112825905421,True
0.267,147,197,20,2,0.9865771812080537,0.9078341013824884,0.8802395209580839,0.9899497487437185,0.8944112825905421,True
0.268,147,197,20,2,0.9865771812080537,0.9078341013824884,0.8802395209580839,0.9899497487437185,0.8944112825905421,True
0.269,147,197,20,2,0.9865771812080537,0.9078341013824884,0.8802395209580839,0.9899497487437185,0.8944112825905421,True
0.27,147,197,20,2,0.9865771812080537,0.9078341013824884,0.8802395209580839,0.9899497487437185,0.8944112825905421,True
0.271,147,197,20,2,0.9865771812080537,0.9078341013824884,0.8802395209580839,0.9899497487437185,0.8944112825905421,True
0.272,147,197,20,2,0.9865771812080537,0.9078341013824884,0.8802395209580839,0.9899497487437185,0.8944112825905421,True
0.273,147,197,20,2,0.9865771812080537,0.9078341013824884,0.8802395209580839,0.9899497487437185,0.8944112825905421,True
0.274,147,197,20,2,0.9865771812080537,0.9078341013824884,0.8802395209580839,0.9899497487437185,0.8944112825905421,True
0.275,147,198,19,2,0.9865771812080537,0.9124423963133641,0.8855421686746988,0.99,0.8990195775214178,True
0.276,147,198,19,2,0.9865771812080537,0.9124423963133641,0.8855421686746988,0.99,0.8990195775214178,True
0.277,147,199,18,2,0.9865771812080537,0.9170506912442397,0.8909090909090909,0.9900497512437811,0.9036278724522933,True
0.278,147,200,17,2,0.9865771812080537,0.9216589861751152,0.8963414634146342,0.9900990099009901,0.9082361673831689,True
0.279,147,200,17,2,0.9865771812080537,0.9216589861751152,0.8963414634146342,0.9900990099009901,0.9082361673831689,True
0.28,147,200,17,2,0.9865771812080537,0.9216589861751152,0.8963414634146342,0.9900990099009901,0.9082361673831689,True
0.281,147,200,17,2,0.9865771812080537,0.9216589861751152,0.8963414634146342,0.9900990099009901,0.9082361673831689,True
0.28200000000000003,147,200,17,2,0.9865771812080537,0.9216589861751152,0.8963414634146342,0.9900990099009901,0.9082361673831689,True
0.28300000000000003,147,200,17,2,0.9865771812080537,0.9216589861751152,0.8963414634146342,0.9900990099009901,0.9082361673831689,True
0.28400000000000003,147,200,17,2,0.9865771812080537,0.9216589861751152,0.8963414634146342,0.9900990099009901,0.9082361673831689,True
0.28500000000000003,147,200,17,2,0.9865771812080537,0.9216589861751152,0.8963414634146342,0.9900990099009901,0.9082361673831689,True
0.28600000000000003,147,200,17,2,0.9865771812080537,0.9216589861751152,0.8963414634146342,0.9900990099009901,0.9082361673831689,True
0.28700000000000003,147,200,17,2,0.9865771812080537,0.9216589861751152,0.8963414634146342,0.9900990099009901,0.9082361673831689,True
0.28800000000000003,147,200,17,2,0.9865771812080537,0.9216589861751152,0.8963414634146342,0.9900990099009901,0.9082361673831689,True
0.28900000000000003,147,200,17,2,0.9865771812080537,0.9216589861751152,0.8963414634146342,0.9900990099009901,0.9082361673831689,True
0.29000000000000004,147,200,17,2,0.9865771812080537,0.9216589861751152,0.8963414634146342,0.9900990099009901,0.9082361673831689,True
0.29100000000000004,147,200,17,2,0.9865771812080537,0.9216589861751152,0.8963414634146342,0.9900990099009901,0.9082361673831689,True
0.29200000000000004,147,200,17,2,0.9865771812080537,0.9216589861751152,0.8963414634146342,0.9900990099009901,0.9082361673831689,True
0.29300000000000004,147,200,17,2,0.9865771812080537,0.9216589861751152,0.8963414634146342,0.9900990099009901,0.9082361673831689,True
0.29400000000000004,147,200,17,2,0.9865771812080537,0.9216589861751152,0.8963414634146342,0.9900990099009901,0.9082361673831689,True
0.29500000000000004,147,200,17,2,0.9865771812080537,0.9216589861751152,0.8963414634146342,0.9900990099009901,0.9082361673831689,True
0.29600000000000004,147,200,17,2,0.9865771812080537,0.9216589861751152,0.8963414634146342,0.9900990099009901,0.9082361673831689,True
0.29700000000000004,147,200,17,2,0.9865771812080537,0.9216589861751152,0.8963414634146342,0.9900990099009901,0.9082361673831689,True
0.29800000000000004,147,200,17,2,0.9865771812080537,0.9216589861751152,0.8963414634146342,0.9900990099009901,0.9082361673831689,True
0.299,147,200,17,2,0.9865771812080537,0.9216589861751152,0.8963414634146342,0.9900990099009901,0.9082361673831689,True
0.3,147,200,17,2,0.9865771812080537,0.9216589861751152,0.8963414634146342,0.9900990099009901,0.9082361673831689,True
0.301,147,200,17,2,0.9865771812080537,0.9216589861751152,0.8963414634146342,0.9900990099009901,0.9082361673831689,True
0.302,147,200,17,2,0.9865771812080537,0.9216589861751152,0.8963414634146342,0.9900990099009901,0.9082361673831689,True
0.303,147,200,17,2,0.9865771812080537,0.9216589861751152,0.8963414634146342,0.9900990099009901,0.9082361673831689,True
0.304,147,200,17,2,0.9865771812080537,0.9216589861751152,0.8963414634146342,0.9900990099009901,0.9082361673831689,True
0.305,147,200,17,2,0.9865771812080537,0.9216589861751152,0.8963414634146342,0.9900990099009901,0.9082361673831689,True
0.306,147,200,17,2,0.9865771812080537,0.9216589861751152,0.8963414634146342,0.9900990099009901,0.9082361673831689,True
0.307,147,200,17,2,0.9865771812080537,0.9216589861751152,0.8963414634146342,0.9900990099009901,0.9082361673831689,True
0.308,147,200,17,2,0.9865771812080537,0.9216589861751152,0.8963414634146342,0.9900990099009901,0.9082361673831689,True
0.309,147,201,16,2,0.9865771812080537,0.9262672811059908,0.901840490797546,0.9901477832512315,0.9128444623140446,True
0.31,147,201,16,2,0.9865771812080537,0.9262672811059908,0.901840490797546,0.9901477832512315,0.9128444623140446,True
0.311,147,201,16,2,0.9865771812080537,0.9262672811059908,0.901840490797546,0.9901477832512315,0.9128444623140446,True
0.312,147,201,16,2,0.9865771812080537,0.9262672811059908,0.901840490797546,0.9901477832512315,0.9128444623140446,True
0.313,147,201,16,2,0.9865771812080537,0.9262672811059908,0.901840490797546,0.9901477832512315,0.9128444623140446,True
0.314,147,201,16,2,0.9865771812080537,0.9262672811059908,0.901840490797546,0.9901477832512315,0.9128444623140446,True
0.315,147,201,16,2,0.9865771812080537,0.9262672811059908,0.901840490797546,0.9901477832512315,0.9128444623140446,True
0.316,147,201,16,2,0.9865771812080537,0.9262672811059908,0.901840490797546,0.9901477832512315,0.9128444623140446,True
0.317,147,201,16,2,0.9865771812080537,0.9262672811059908,0.901840490797546,0.9901477832512315,0.9128444623140446,True
0.318,147,201,16,2,0.9865771812080537,0.9262672811059908,0.901840490797546,0.9901477832512315,0.9128444623140446,True
0.319,147,201,16,2,0.9865771812080537,0.9262672811059908,0.901840490797546,0.9901477832512315,0.9128444623140446,True
0.32,147,201,16,2,0.9865771812080537,0.9262672811059908,0.901840490797546,0.9901477832512315,0.9128444623140446,True
0.321,147,201,16,2,0.9865771812080537,0.9262672811059908,0.901840490797546,0.9901477832512315,0.9128444623140446,True
0.322,147,201,16,2,0.9865771812080537,0.9262672811059908,0.901840490797546,0.9901477832512315,0.9128444623140446,True
0.323,147,201,16,2,0.9865771812080537,0.9262672811059908,0.901840490797546,0.9901477832512315,0.9128444623140446,True
0.324,147,201,16,2,0.9865771812080537,0.9262672811059908,0.901840490797546,0.9901477832512315,0.9128444623140446,True
0.325,147,201,16,2,0.9865771812080537,0.9262672811059908,0.901840490797546,0.9901477832512315,0.9128444623140446,True
0.326,147,201,16,2,0.9865771812080537,0.9262672811059908,0.901840490797546,0.9901477832512315,0.9128444623140446,True
0.327,147,201,16,2,0.9865771812080537,0.9262672811059908,0.901840490797546,0.9901477832512315,0.9128444623140446,True
0.328,147,201,16,2,0.9865771812080537,0.9262672811059908,0.901840490797546,0.9901477832512315,0.9128444623140446,True
0.329,147,201,16,2,0.9865771812080537,0.9262672811059908,0.901840490797546,0.9901477832512315,0.9128444623140446,True
0.33,147,201,16,2,0.9865771812080537,0.9262672811059908,0.901840490797546,0.9901477832512315,0.9128444623140446,True
0.331,147,201,16,2,0.9865771812080537,0.9262672811059908,0.901840490797546,0.9901477832512315,0.9128444623140446,True
0.332,147,201,16,2,0.9865771812080537,0.9262672811059908,0.901840490797546,0.9901477832512315,0.9128444623140446,True
0.333,147,201,16,2,0.9865771812080537,0.9262672811059908,0.901840490797546,0.9901477832512315,0.9128444623140446,True
0.334,147,201,16,2,0.9865771812080537,0.9262672811059908,0.901840490797546,0.9901477832512315,0.9128444623140446,True
0.335,147,201,16,2,0.9865771812080537,0.9262672811059908,0.901840490797546,0.9901477832512315,0.9128444623140446,True
0.336,147,201,16,2,0.9865771812080537,0.9262672811059908,0.901840490797546,0.9901477832512315,0.9128444623140446,True
0.337,147,201,16,2,0.9865771812080537,0.9262672811059908,0.901840490797546,0.9901477832512315,0.9128444623140446,True
0.338,147,201,16,2,0.9865771812080537,0.9262672811059908,0.901840490797546,0.9901477832512315,0.9128444623140446,True
0.339,147,201,16,2,0.9865771812080537,0.9262672811059908,0.901840490797546,0.9901477832512315,0.9128444623140446,True
0.34,147,201,16,2,0.9865771812080537,0.9262672811059908,0.901840490797546,0.9901477832512315,0.9128444623140446,True
0.341,147,201,16,2,0.9865771812080537,0.9262672811059908,0.901840490797546,0.9901477832512315,0.9128444623140446,True
0.342,147,201,16,2,0.9865771812080537,0.9262672811059908,0.901840490797546,0.9901477832512315,0.9128444623140446,True
0.343,147,201,16,2,0.9865771812080537,0.9262672811059908,0.901840490797546,0.9901477832512315,0.9128444623140446,True
0.34400000000000003,147,201,16,2,0.9865771812080537,0.9262672811059908,0.901840490797546,0.9901477832512315,0.9128444623140446,True
0.34500000000000003,147,201,16,2,0.9865771812080537,0.9262672811059908,0.901840490797546,0.9901477832512315,0.9128444623140446,True
0.34600000000000003,147,201,16,2,0.9865771812080537,0.9262672811059908,0.901840490797546,0.9901477832512315,0.9128444623140446,True
0.34700000000000003,147,201,16,2,0.9865771812080537,0.9262672811059908,0.901840490797546,0.9901477832512315,0.9128444623140446,True
0.34800000000000003,147,201,16,2,0.9865771812080537,0.9262672811059908,0.901840490797546,0.9901477832512315,0.9128444623140446,True
0.34900000000000003,147,201,16,2,0.9865771812080537,0.9262672811059908,0.901840490797546,0.9901477832512315,0.9128444623140446,True
0.35000000000000003,147,202,15,2,0.9865771812080537,0.9308755760368663,0.9074074074074074,0.9901960784313726,0.91745275724492,True
0.35100000000000003,147,202,15,2,0.9865771812080537,0.9308755760368663,0.9074074074074074,0.9901960784313726,0.91745275724492,True
0.35200000000000004,147,202,15,2,0.9865771812080537,0.9308755760368663,0.9074074074074074,0.9901960784313726,0.91745275724492,True
0.35300000000000004,147,202,15,2,0.9865771812080537,0.9308755760368663,0.9074074074074074,0.9901960784313726,0.91745275724492,True
0.35400000000000004,147,202,15,2,0.9865771812080537,0.9308755760368663,0.9074074074074074,0.9901960784313726,0.91745275724492,True
0.35500000000000004,147,202,15,2,0.9865771812080537,0.9308755760368663,0.9074074074074074,0.9901960784313726,0.91745275724492,True
0.35600000000000004,147,202,15,2,0.9865771812080537,0.9308755760368663,0.9074074074074074,0.9901960784313726,0.91745275724492,True
0.35700000000000004,147,202,15,2,0.9865771812080537,0.9308755760368663,0.9074074074074074,0.9901960784313726,0.91745275724492,True
0.35800000000000004,147,202,15,2,0.9865771812080537,0.9308755760368663,0.9074074074074074,0.9901960784313726,0.91745275724492,True
0.35900000000000004,147,202,15,2,0.9865771812080537,0.9308755760368663,0.9074074074074074,0.9901960784313726,0.91745275724492,True
0.36000000000000004,146,202,15,3,0.9798657718120806,0.9308755760368663,0.906832298136646,0.9853658536585366,0.9107413478489468,True
0.36100000000000004,146,202,15,3,0.9798657718120806,0.9308755760368663,0.906832298136646,0.9853658536585366,0.9107413478489468,True
0.362,146,202,15,3,0.9798657718120806,0.9308755760368663,0.906832298136646,0.9853658536585366,0.9107413478489468,True
0.363,146,202,15,3,0.9798657718120806,0.9308755760368663,0.906832298136646,0.9853658536585366,0.9107413478489468,True
0.364,146,202,15,3,0.9798657718120806,0.9308755760368663,0.906832298136646,0.9853658536585366,0.9107413478489468,True
0.365,146,202,15,3,0.9798657718120806,0.9308755760368663,0.906832298136646,0.9853658536585366,0.9107413478489468,True
0.366,146,202,15,3,0.9798657718120806,0.9308755760368663,0.906832298136646,0.9853658536585366,0.9107413478489468,True
0.367,146,203,14,3,0.9798657718120806,0.9354838709677419,0.9125,0.9854368932038835,0.9153496427798224,True
0.368,146,203,14,3,0.9798657718120806,0.9354838709677419,0.9125,0.9854368932038835,0.9153496427798224,True
0.369,146,203,14,3,0.9798657718120806,0.9354838709677419,0.9125,0.9854368932038835,0.9153496427798224,True
0.37,146,203,14,3,0.9798657718120806,0.9354838709677419,0.9125,0.9854368932038835,0.9153496427798224,True
0.371,146,203,14,3,0.9798657718120806,0.9354838709677419,0.9125,0.9854368932038835,0.9153496427798224,True
0.372,146,203,14,3,0.9798657718120806,0.9354838709677419,0.9125,0.9854368932038835,0.9153496427798224,True
0.373,146,203,14,3,0.9798657718120806,0.9354838709677419,0.9125,0.9854368932038835,0.9153496427798224,True
0.374,146,203,14,3,0.9798657718120806,0.9354838709677419,0.9125,0.9854368932038835,0.9153496427798224,True
0.375,146,203,14,3,0.9798657718120806,0.9354838709677419,0.9125,0.9854368932038835,0.9153496427798224,True
0.376,146,203,14,3,0.9798657718120806,0.9354838709677419,0.9125,0.9854368932038835,0.9153496427798224,True
0.377,146,203,14,3,0.9798657718120806,0.9354838709677419,0.9125,0.9854368932038835,0.9153496427798224,True
0.378,146,203,14,3,0.9798657718120806,0.9354838709677419,0.9125,0.9854368932038835,0.9153496427798224,True
0.379,146,203,14,3,0.9798657718120806,0.9354838709677419,0.9125,0.9854368932038835,0.9153496427798224,True
0.38,146,203,14,3,0.9798657718120806,0.9354838709677419,0.9125,0.9854368932038835,0.9153496427798224,True
0.381,146,203,14,3,0.9798657718120806,0.9354838709677419,0.9125,0.9854368932038835,0.9153496427798224,True
0.382,146,203,14,3,0.9798657718120806,0.9354838709677419,0.9125,0.9854368932038835,0.9153496427798224,True
0.383,146,203,14,3,0.9798657718120806,0.9354838709677419,0.9125,0.9854368932038835,0.9153496427798224,True
0.384,146,203,14,3,0.9798657718120806,0.9354838709677419,0.9125,0.9854368932038835,0.9153496427798224,True
0.385,146,203,14,3,0.9798657718120806,0.9354838709677419,0.9125,0.9854368932038835,0.9153496427798224,True
0.386,146,203,14,3,0.9798657718120806,0.9354838709677419,0.9125,0.9854368932038835,0.9153496427798224,True
0.387,145,203,14,4,0.9731543624161074,0.9354838709677419,0.9119496855345912,0.9806763285024155,0.9086382333838494,True
0.388,145,203,14,4,0.9731543624161074,0.9354838709677419,0.9119496855345912,0.9806763285024155,0.9086382333838494,True
0.389,145,203,14,4,0.9731543624161074,0.9354838709677419,0.9119496855345912,0.9806763285024155,0.9086382333838494,True
0.39,145,203,14,4,0.9731543624161074,0.9354838709677419,0.9119496855345912,0.9806763285024155,0.9086382333838494,True
0.391,145,203,14,4,0.9731543624161074,0.9354838709677419,0.9119496855345912,0.9806763285024155,0.9086382333838494,True
0.392,145,203,14,4,0.9731543624161074,0.9354838709677419,0.9119496855345912,0.9806763285024155,0.9086382333838494,True
0.393,145,203,14,4,0.9731543624161074,0.9354838709677419,0.9119496855345912,0.9806763285024155,0.9086382333838494,True
0.394,145,203,14,4,0.9731543624161074,0.9354838709677419,0.9119496855345912,0.9806763285024155,0.9086382333838494,True
0.395,145,203,14,4,0.9731543624161074,0.9354838709677419,0.9119496855345912,0.9806763285024155,0.9086382333838494,True
0.396,145,203,14,4,0.9731543624161074,0.9354838709677419,0.9119496855345912,0.9806763285024155,0.9086382333838494,True
0.397,145,203,14,4,0.9731543624161074,0.9354838709677419,0.9119496855345912,0.9806763285024155,0.9086382333838494,True
0.398,145,203,14,4,0.9731543624161074,0.9354838709677419,0.9119496855345912,0.9806763285024155,0.9086382333838494,True
0.399,145,203,14,4,0.9731543624161074,0.9354838709677419,0.9119496855345912,0.9806763285024155,0.9086382333838494,True
0.4,145,203,14,4,0.9731543624161074,0.9354838709677419,0.9119496855345912,0.9806763285024155,0.9086382333838494,True
0.401,145,203,14,4,0.9731543624161074,0.9354838709677419,0.9119496855345912,0.9806763285024155,0.9086382333838494,True
0.402,145,203,14,4,0.9731543624161074,0.9354838709677419,0.9119496855345912,0.9806763285024155,0.9086382333838494,True
0.403,145,203,14,4,0.9731543624161074,0.9354838709677419,0.9119496855345912,0.9806763285024155,0.9086382333838494,True
0.404,145,203,14,4,0.9731543624161074,0.9354838709677419,0.9119496855345912,0.9806763285024155,0.9086382333838494,True
0.405,145,203,14,4,0.9731543624161074,0.9354838709677419,0.9119496855345912,0.9806763285024155,0.9086382333838494,True
0.406,145,203,14,4,0.9731543624161074,0.9354838709677419,0.9119496855345912,0.9806763285024155,0.9086382333838494,True
0.40700000000000003,145,203,14,4,0.9731543624161074,0.9354838709677419,0.9119496855345912,0.9806763285024155,0.9086382333838494,True
0.40800000000000003,145,203,14,4,0.9731543624161074,0.9354838709677419,0.9119496855345912,0.9806763285024155,0.9086382333838494,True
0.40900000000000003,145,203,14,4,0.9731543624161074,0.9354838709677419,0.9119496855345912,0.9806763285024155,0.9086382333838494,True
0.41000000000000003,145,203,14,4,0.9731543624161074,0.9354838709677419,0.9119496855345912,0.9806763285024155,0.9086382333838494,True
0.41100000000000003,145,203,14,4,0.9731543624161074,0.9354838709677419,0.9119496855345912,0.9806763285024155,0.9086382333838494,True
0.41200000000000003,145,203,14,4,0.9731543624161074,0.9354838709677419,0.9119496855345912,0.9806763285024155,0.9086382333838494,True
0.41300000000000003,145,203,14,4,0.9731543624161074,0.9354838709677419,0.9119496855345912,0.9806763285024155,0.9086382333838494,True
0.41400000000000003,145,203,14,4,0.9731543624161074,0.9354838709677419,0.9119496855345912,0.9806763285024155,0.9086382333838494,True
0.41500000000000004,145,203,14,4,0.9731543624161074,0.9354838709677419,0.9119496855345912,0.9806763285024155,0.9086382333838494,True
0.41600000000000004,145,203,14,4,0.9731543624161074,0.9354838709677419,0.9119496855345912,0.9806763285024155,0.9086382333838494,True
0.41700000000000004,145,203,14,4,0.9731543624161074,0.9354838709677419,0.9119496855345912,0.9806763285024155,0.9086382333838494,True
0.41800000000000004,145,203,14,4,0.9731543624161074,0.9354838709677419,0.9119496855345912,0.9806763285024155,0.9086382333838494,True
0.41900000000000004,145,203,14,4,0.9731543624161074,0.9354838709677419,0.9119496855345912,0.9806763285024155,0.9086382333838494,True
0.42000000000000004,145,203,14,4,0.9731543624161074,0.9354838709677419,0.9119496855345912,0.9806763285024155,0.9086382333838494,True
0.42100000000000004,145,203,14,4,0.9731543624161074,0.9354838709677419,0.9119496855345912,0.9806763285024155,0.9086382333838494,True
0.42200000000000004,145,203,14,4,0.9731543624161074,0.9354838709677419,0.9119496855345912,0.9806763285024155,0.9086382333838494,True
0.42300000000000004,145,203,14,4,0.9731543624161074,0.9354838709677419,0.9119496855345912,0.9806763285024155,0.9086382333838494,True
0.42400000000000004,145,204,13,4,0.9731543624161074,0.9400921658986175,0.9177215189873418,0.9807692307692307,0.9132465283147249,True
0.42500000000000004,145,204,13,4,0.9731543624161074,0.9400921658986175,0.9177215189873418,0.9807692307692307,0.9132465283147249,True
0.42600000000000005,145,204,13,4,0.9731543624161074,0.9400921658986175,0.9177215189873418,0.9807692307692307,0.9132465283147249,True
0.427,145,204,13,4,0.9731543624161074,0.9400921658986175,0.9177215189873418,0.9807692307692307,0.9132465283147249,True
0.428,145,204,13,4,0.9731543624161074,0.9400921658986175,0.9177215189873418,0.9807692307692307,0.9132465283147249,True
0.429,145,204,13,4,0.9731543624161074,0.9400921658986175,0.9177215189873418,0.9807692307692307,0.9132465283147249,True
0.43,145,204,13,4,0.9731543624161074,0.9400921658986175,0.9177215189873418,0.9807692307692307,0.9132465283147249,True
0.431,145,204,13,4,0.9731543624161074,0.9400921658986175,0.9177215189873418,0.9807692307692307,0.9132465283147249,True
0.432,145,204,13,4,0.9731543624161074,0.9400921658986175,0.9177215189873418,0.9807692307692307,0.9132465283147249,True
0.433,145,204,13,4,0.9731543624161074,0.9400921658986175,0.9177215189873418,0.9807692307692307,0.9132465283147249,True
0.434,145,204,13,4,0.9731543624161074,0.9400921658986175,0.9177215189873418,0.9807692307692307,0.9132465283147249,True
0.435,145,204,13,4,0.9731543624161074,0.9400921658986175,0.9177215189873418,0.9807692307692307,0.9132465283147249,True
0.436,145,204,13,4,0.9731543624161074,0.9400921658986175,0.9177215189873418,0.9807692307692307,0.9132465283147249,True
0.437,145,204,13,4,0.9731543624161074,0.9400921658986175,0.9177215189873418,0.9807692307692307,0.9132465283147249,True
0.438,145,204,13,4,0.9731543624161074,0.9400921658986175,0.9177215189873418,0.9807692307692307,0.9132465283147249,True
0.439,145,204,13,4,0.9731543624161074,0.9400921658986175,0.9177215189873418,0.9807692307692307,0.9132465283147249,True
0.44,145,204,13,4,0.9731543624161074,0.9400921658986175,0.9177215189873418,0.9807692307692307,0.9132465283147249,True
0.441,145,204,13,4,0.9731543624161074,0.9400921658986175,0.9177215189873418,0.9807692307692307,0.9132465283147249,True
0.442,145,204,13,4,0.9731543624161074,0.9400921658986175,0.9177215189873418,0.9807692307692307,0.9132465283147249,True
0.443,145,204,13,4,0.9731543624161074,0.9400921658986175,0.9177215189873418,0.9807692307692307,0.9132465283147249,True
0.444,145,204,13,4,0.9731543624161074,0.9400921658986175,0.9177215189873418,0.9807692307692307,0.9132465283147249,True
0.445,145,204,13,4,0.9731543624161074,0.9400921658986175,0.9177215189873418,0.9807692307692307,0.9132465283147249,True
0.446,145,204,13,4,0.9731543624161074,0.9400921658986175,0.9177215189873418,0.9807692307692307,0.9132465283147249,True
0.447,145,204,13,4,0.9731543624161074,0.9400921658986175,0.9177215189873418,0.9807692307692307,0.9132465283147249,True
0.448,145,204,13,4,0.9731543624161074,0.9400921658986175,0.9177215189873418,0.9807692307692307,0.9132465283147249,True
0.449,145,204,13,4,0.9731543624161074,0.9400921658986175,0.9177215189873418,0.9807692307692307,0.9132465283147249,True
0.45,145,204,13,4,0.9731543624161074,0.9400921658986175,0.9177215189873418,0.9807692307692307,0.9132465283147249,True
0.451,145,204,13,4,0.9731543624161074,0.9400921658986175,0.9177215189873418,0.9807692307692307,0.9132465283147249,True
0.452,145,204,13,4,0.9731543624161074,0.9400921658986175,0.9177215189873418,0.9807692307692307,0.9132465283147249,True
0.453,145,204,13,4,0.9731543624161074,0.9400921658986175,0.9177215189873418,0.9807692307692307,0.9132465283147249,True
0.454,145,204,13,4,0.9731543624161074,0.9400921658986175,0.9177215189873418,0.9807692307692307,0.9132465283147249,True
0.455,145,204,13,4,0.9731543624161074,0.9400921658986175,0.9177215189873418,0.9807692307692307,0.9132465283147249,True
0.456,145,205,12,4,0.9731543624161074,0.9447004608294931,0.9235668789808917,0.9808612440191388,0.9178548232456005,True
0.457,145,205,12,4,0.9731543624161074,0.9447004608294931,0.9235668789808917,0.9808612440191388,0.9178548232456005,True
0.458,145,205,12,4,0.9731543624161074,0.9447004608294931,0.9235668789808917,0.9808612440191388,0.9178548232456005,True
0.459,145,205,12,4,0.9731543624161074,0.9447004608294931,0.9235668789808917,0.9808612440191388,0.9178548232456005,True
0.46,145,205,12,4,0.9731543624161074,0.9447004608294931,0.9235668789808917,0.9808612440191388,0.9178548232456005,True
0.461,145,205,12,4,0.9731543624161074,0.9447004608294931,0.9235668789808917,0.9808612440191388,0.9178548232456005,True
0.462,145,205,12,4,0.9731543624161074,0.9447004608294931,0.9235668789808917,0.9808612440191388,0.9178548232456005,True
0.463,145,205,12,4,0.9731543624161074,0.9447004608294931,0.9235668789808917,0.9808612440191388,0.9178548232456005,True
0.464,145,205,12,4,0.9731543624161074,0.9447004608294931,0.9235668789808917,0.9808612440191388,0.9178548232456005,True
0.465,145,205,12,4,0.9731543624161074,0.9447004608294931,0.9235668789808917,0.9808612440191388,0.9178548232456005,True
0.466,145,205,12,4,0.9731543624161074,0.9447004608294931,0.9235668789808917,0.9808612440191388,0.9178548232456005,True
0.467,145,205,12,4,0.9731543624161074,0.9447004608294931,0.9235668789808917,0.9808612440191388,0.9178548232456005,True
0.468,145,205,12,4,0.9731543624161074,0.9447004608294931,0.9235668789808917,0.9808612440191388,0.9178548232456005,True
0.46900000000000003,145,205,12,4,0.9731543624161074,0.9447004608294931,0.9235668789808917,0.9808612440191388,0.9178548232456005,True
0.47000000000000003,145,205,12,4,0.9731543624161074,0.9447004608294931,0.9235668789808917,0.9808612440191388,0.9178548232456005,True
0.47100000000000003,145,205,12,4,0.9731543624161074,0.9447004608294931,0.9235668789808917,0.9808612440191388,0.9178548232456005,True
0.47200000000000003,145,205,12,4,0.9731543624161074,0.9447004608294931,0.9235668789808917,0.9808612440191388,0.9178548232456005,True
0.47300000000000003,145,205,12,4,0.9731543624161074,0.9447004608294931,0.9235668789808917,0.9808612440191388,0.9178548232456005,True
0.47400000000000003,145,205,12,4,0.9731543624161074,0.9447004608294931,0.9235668789808917,0.9808612440191388,0.9178548232456005,True
0.47500000000000003,145,206,11,4,0.9731543624161074,0.9493087557603687,0.9294871794871795,0.9809523809523809,0.9224631181764762,True
0.47600000000000003,145,206,11,4,0.9731543624161074,0.9493087557603687,0.9294871794871795,0.9809523809523809,0.9224631181764762,True
0.47700000000000004,145,206,11,4,0.9731543624161074,0.9493087557603687,0.9294871794871795,0.9809523809523809,0.9224631181764762,True
0.47800000000000004,145,206,11,4,0.9731543624161074,0.9493087557603687,0.9294871794871795,0.9809523809523809,0.9224631181764762,True
0.47900000000000004,145,206,11,4,0.9731543624161074,0.9493087557603687,0.9294871794871795,0.9809523809523809,0.9224631181764762,True
0.48000000000000004,145,206,11,4,0.9731543624161074,0.9493087557603687,0.9294871794871795,0.9809523809523809,0.9224631181764762,True
0.48100000000000004,145,206,11,4,0.9731543624161074,0.9493087557603687,0.9294871794871795,0.9809523809523809,0.9224631181764762,True
0.48200000000000004,145,206,11,4,0.9731543624161074,0.9493087557603687,0.9294871794871795,0.9809523809523809,0.9224631181764762,True
0.48300000000000004,145,206,11,4,0.9731543624161074,0.9493087557603687,0.9294871794871795,0.9809523809523809,0.9224631181764762,True
0.48400000000000004,145,206,11,4,0.9731543624161074,0.9493087557603687,0.9294871794871795,0.9809523809523809,0.9224631181764762,True
0.48500000000000004,145,206,11,4,0.9731543624161074,0.9493087557603687,0.9294871794871795,0.9809523809523809,0.9224631181764762,True
0.48600000000000004,145,206,11,4,0.9731543624161074,0.9493087557603687,0.9294871794871795,0.9809523809523809,0.9224631181764762,True
0.48700000000000004,145,206,11,4,0.9731543624161074,0.9493087557603687,0.9294871794871795,0.9809523809523809,0.9224631181764762,True
0.48800000000000004,145,206,11,4,0.9731543624161074,0.9493087557603687,0.9294871794871795,0.9809523809523809,0.9224631181764762,True
0.48900000000000005,145,206,11,4,0.9731543624161074,0.9493087557603687,0.9294871794871795,0.9809523809523809,0.9224631181764762,True
0.49,145,206,11,4,0.9731543624161074,0.9493087557603687,0.9294871794871795,0.9809523809523809,0.9224631181764762,True
0.491,144,206,11,5,0.9664429530201343,0.9493087557603687,0.9290322580645162,0.976303317535545,0.9157517087805029,True
0.492,144,206,11,5,0.9664429530201343,0.9493087557603687,0.9290322580645162,0.976303317535545,0.9157517087805029,True
0.493,144,206,11,5,0.9664429530201343,0.9493087557603687,0.9290322580645162,0.976303317535545,0.9157517087805029,True
0.494,144,206,11,5,0.9664429530201343,0.9493087557603687,0.9290322580645162,0.976303317535545,0.9157517087805029,True
0.495,144,206,11,5,0.9664429530201343,0.9493087557603687,0.9290322580645162,0.976303317535545,0.9157517087805029,True
0.496,144,206,11,5,0.9664429530201343,0.9493087557603687,0.9290322580645162,0.976303317535545,0.9157517087805029,True
0.497,144,206,11,5,0.9664429530201343,0.9493087557603687,0.9290322580645162,0.976303317535545,0.9157517087805029,True
0.498,144,206,11,5,0.9664429530201343,0.9493087557603687,0.9290322580645162,0.976303317535545,0.9157517087805029,True
0.499,144,206,11,5,0.9664429530201343,0.9493087557603687,0.9290322580645162,0.976303317535545,0.9157517087805029,True
0.5,144,206,11,5,0.9664429530201343,0.9493087557603687,0.9290322580645162,0.976303317535545,0.9157517087805029,True
0.501,144,206,11,5,0.9664429530201343,0.9493087557603687,0.9290322580645162,0.976303317535545,0.9157517087805029,True
0.502,144,206,11,5,0.9664429530201343,0.9493087557603687,0.9290322580645162,0.976303317535545,0.9157517087805029,True
0.503,144,206,11,5,0.9664429530201343,0.9493087557603687,0.9290322580645162,0.976303317535545,0.9157517087805029,True
0.504,144,206,11,5,0.9664429530201343,0.9493087557603687,0.9290322580645162,0.976303317535545,0.9157517087805029,True
0.505,144,206,11,5,0.9664429530201343,0.9493087557603687,0.9290322580645162,0.976303317535545,0.9157517087805029,True
0.506,144,206,11,5,0.9664429530201343,0.9493087557603687,0.9290322580645162,0.976303317535545,0.9157517087805029,True
0.507,144,206,11,5,0.9664429530201343,0.9493087557603687,0.9290322580645162,0.976303317535545,0.9157517087805029,True
0.508,144,206,11,5,0.9664429530201343,0.9493087557603687,0.9290322580645162,0.976303317535545,0.9157517087805029,True
0.509,144,206,11,5,0.9664429530201343,0.9493087557603687,0.9290322580645162,0.976303317535545,0.9157517087805029,True
0.51,144,206,11,5,0.9664429530201343,0.9493087557603687,0.9290322580645162,0.976303317535545,0.9157517087805029,True
0.511,144,206,11,5,0.9664429530201343,0.9493087557603687,0.9290322580645162,0.976303317535545,0.9157517087805029,True
0.512,144,206,11,5,0.9664429530201343,0.9493087557603687,0.9290322580645162,0.976303317535545,0.9157517087805029,True
0.513,144,206,11,5,0.9664429530201343,0.9493087557603687,0.9290322580645162,0.976303317535545,0.9157517087805029,True
0.514,144,206,11,5,0.9664429530201343,0.9493087557603687,0.9290322580645162,0.976303317535545,0.9157517087805029,True
0.515,144,206,11,5,0.9664429530201343,0.9493087557603687,0.9290322580645162,0.976303317535545,0.9157517087805029,True
0.516,144,206,11,5,0.9664429530201343,0.9493087557603687,0.9290322580645162,0.976303317535545,0.9157517087805029,True
0.517,144,206,11,5,0.9664429530201343,0.9493087557603687,0.9290322580645162,0.976303317535545,0.9157517087805029,True
0.518,144,206,11,5,0.9664429530201343,0.9493087557603687,0.9290322580645162,0.976303317535545,0.9157517087805029,True
0.519,144,206,11,5,0.9664429530201343,0.9493087557603687,0.9290322580645162,0.976303317535545,0.9157517087805029,True
0.52,144,206,11,5,0.9664429530201343,0.9493087557603687,0.9290322580645162,0.976303317535545,0.9157517087805029,True
0.521,144,206,11,5,0.9664429530201343,0.9493087557603687,0.9290322580645162,0.976303317535545,0.9157517087805029,True
0.522,144,206,11,5,0.9664429530201343,0.9493087557603687,0.9290322580645162,0.976303317535545,0.9157517087805029,True
0.523,144,206,11,5,0.9664429530201343,0.9493087557603687,0.9290322580645162,0.976303317535545,0.9157517087805029,True
0.524,144,206,11,5,0.9664429530201343,0.9493087557603687,0.9290322580645162,0.976303317535545,0.9157517087805029,True
0.525,144,206,11,5,0.9664429530201343,0.9493087557603687,0.9290322580645162,0.976303317535545,0.9157517087805029,True
0.526,144,206,11,5,0.9664429530201343,0.9493087557603687,0.9290322580645162,0.976303317535545,0.9157517087805029,True
0.527,144,206,11,5,0.9664429530201343,0.9493087557603687,0.9290322580645162,0.976303317535545,0.9157517087805029,True
0.528,144,206,11,5,0.9664429530201343,0.9493087557603687,0.9290322580645162,0.976303317535545,0.9157517087805029,True
0.529,144,206,11,5,0.9664429530201343,0.9493087557603687,0.9290322580645162,0.976303317535545,0.9157517087805029,True
0.53,144,206,11,5,0.9664429530201343,0.9493087557603687,0.9290322580645162,0.976303317535545,0.9157517087805029,True
0.531,144,206,11,5,0.9664429530201343,0.9493087557603687,0.9290322580645162,0.976303317535545,0.9157517087805029,True
0.532,144,206,11,5,0.9664429530201343,0.9493087557603687,0.9290322580645162,0.976303317535545,0.9157517087805029,True
0.533,144,206,11,5,0.9664429530201343,0.9493087557603687,0.9290322580645162,0.976303317535545,0.9157517087805029,True
0.534,144,206,11,5,0.9664429530201343,0.9493087557603687,0.9290322580645162,0.976303317535545,0.9157517087805029,True
0.535,144,206,11,5,0.9664429530201343,0.9493087557603687,0.9290322580645162,0.976303317535545,0.9157517087805029,True
0.536,144,206,11,5,0.9664429530201343,0.9493087557603687,0.9290322580645162,0.976303317535545,0.9157517087805029,True
0.537,144,206,11,5,0.9664429530201343,0.9493087557603687,0.9290322580645162,0.976303317535545,0.9157517087805029,True
0.538,144,206,11,5,0.9664429530201343,0.9493087557603687,0.9290322580645162,0.976303317535545,0.9157517087805029,True
0.539,144,206,11,5,0.9664429530201343,0.9493087557603687,0.9290322580645162,0.976303317535545,0.9157517087805029,True
0.54,144,206,11,5,0.9664429530201343,0.9493087557603687,0.9290322580645162,0.976303317535545,0.9157517087805029,True
0.541,144,206,11,5,0.9664429530201343,0.9493087557603687,0.9290322580645162,0.976303317535545,0.9157517087805029,True
0.542,144,206,11,5,0.9664429530201343,0.9493087557603687,0.9290322580645162,0.976303317535545,0.9157517087805029,True
0.543,144,207,10,5,0.9664429530201343,0.9539170506912442,0.935064935064935,0.9764150943396226,0.9203600037113784,True
0.544,144,207,10,5,0.9664429530201343,0.9539170506912442,0.935064935064935,0.9764150943396226,0.9203600037113784,True
0.545,144,207,10,5,0.9664429530201343,0.9539170506912442,0.935064935064935,0.9764150943396226,0.9203600037113784,True
0.546,144,207,10,5,0.9664429530201343,0.9539170506912442,0.935064935064935,0.9764150943396226,0.9203600037113784,True
0.547,144,207,10,5,0.9664429530201343,0.9539170506912442,0.935064935064935,0.9764150943396226,0.9203600037113784,True
0.548,144,207,10,5,0.9664429530201343,0.9539170506912442,0.935064935064935,0.9764150943396226,0.9203600037113784,True
0.549,144,207,10,5,0.9664429530201343,0.9539170506912442,0.935064935064935,0.9764150943396226,0.9203600037113784,True
0.55,144,207,10,5,0.9664429530201343,0.9539170506912442,0.935064935064935,0.9764150943396226,0.9203600037113784,True
0.551,143,207,10,6,0.959731543624161,0.9539170506912442,0.934640522875817,0.971830985915493,0.9136485943154051,True
0.552,143,207,10,6,0.959731543624161,0.9539170506912442,0.934640522875817,0.971830985915493,0.9136485943154051,True
0.553,143,207,10,6,0.959731543624161,0.9539170506912442,0.934640522875817,0.971830985915493,0.9136485943154051,True
0.554,143,207,10,6,0.959731543624161,0.9539170506912442,0.934640522875817,0.971830985915493,0.9136485943154051,True
0.555,143,207,10,6,0.959731543624161,0.9539170506912442,0.934640522875817,0.971830985915493,0.9136485943154051,True
0.556,143,207,10,6,0.959731543624161,0.9539170506912442,0.934640522875817,0.971830985915493,0.9136485943154051,True
0.557,143,207,10,6,0.959731543624161,0.9539170506912442,0.934640522875817,0.971830985915493,0.9136485943154051,True
0.558,143,207,10,6,0.959731543624161,0.9539170506912442,0.934640522875817,0.971830985915493,0.9136485943154051,True
0.559,143,207,10,6,0.959731543624161,0.9539170506912442,0.934640522875817,0.971830985915493,0.9136485943154051,True
0.56,143,207,10,6,0.959731543624161,0.9539170506912442,0.934640522875817,0.971830985915493,0.9136485943154051,True
0.561,143,207,10,6,0.959731543624161,0.9539170506912442,0.934640522875817,0.971830985915493,0.9136485943154051,True
0.562,143,207,10,6,0.959731543624161,0.9539170506912442,0.934640522875817,0.971830985915493,0.9136485943154051,True
0.5630000000000001,143,207,10,6,0.959731543624161,0.9539170506912442,0.934640522875817,0.971830985915493,0.9136485943154051,True
0.5640000000000001,143,207,10,6,0.959731543624161,0.9539170506912442,0.934640522875817,0.971830985915493,0.9136485943154051,True
0.5650000000000001,143,207,10,6,0.959731543624161,0.9539170506912442,0.934640522875817,0.971830985915493,0.9136485943154051,True
0.5660000000000001,143,207,10,6,0.959731543624161,0.9539170506912442,0.934640522875817,0.971830985915493,0.9136485943154051,True
0.5670000000000001,143,207,10,6,0.959731543624161,0.9539170506912442,0.934640522875817,0.971830985915493,0.9136485943154051,True
0.5680000000000001,143,207,10,6,0.959731543624161,0.9539170506912442,0.934640522875817,0.971830985915493,0.9136485943154051,True
0.5690000000000001,143,207,10,6,0.959731543624161,0.9539170506912442,0.934640522875817,0.971830985915493,0.9136485943154051,True
0.5700000000000001,143,207,10,6,0.959731543624161,0.9539170506912442,0.934640522875817,0.971830985915493,0.9136485943154051,True
0.5710000000000001,143,207,10,6,0.959731543624161,0.9539170506912442,0.934640522875817,0.971830985915493,0.9136485943154051,True
0.5720000000000001,143,207,10,6,0.959731543624161,0.9539170506912442,0.934640522875817,0.971830985915493,0.9136485943154051,True
0.5730000000000001,143,207,10,6,0.959731543624161,0.9539170506912442,0.934640522875817,0.971830985915493,0.9136485943154051,True
0.5740000000000001,143,207,10,6,0.959731543624161,0.9539170506912442,0.934640522875817,0.971830985915493,0.9136485943154051,True
0.5750000000000001,143,207,10,6,0.959731543624161,0.9539170506912442,0.934640522875817,0.971830985915493,0.9136485943154051,True
0.5760000000000001,143,207,10,6,0.959731543624161,0.9539170506912442,0.934640522875817,0.971830985915493,0.9136485943154051,True
0.5770000000000001,142,207,10,7,0.9530201342281879,0.9539170506912442,0.9342105263157895,0.9672897196261683,0.9069371849194321,True
0.5780000000000001,142,207,10,7,0.9530201342281879,0.9539170506912442,0.9342105263157895,0.9672897196261683,0.9069371849194321,True
0.5790000000000001,142,207,10,7,0.9530201342281879,0.9539170506912442,0.9342105263157895,0.9672897196261683,0.9069371849194321,True
0.5800000000000001,142,207,10,7,0.9530201342281879,0.9539170506912442,0.9342105263157895,0.9672897196261683,0.9069371849194321,True
0.5810000000000001,142,207,10,7,0.9530201342281879,0.9539170506912442,0.9342105263157895,0.9672897196261683,0.9069371849194321,True
0.5820000000000001,142,207,10,7,0.9530201342281879,0.9539170506912442,0.9342105263157895,0.9672897196261683,0.9069371849194321,True
0.5830000000000001,142,207,10,7,0.9530201342281879,0.9539170506912442,0.9342105263157895,0.9672897196261683,0.9069371849194321,True
0.5840000000000001,142,207,10,7,0.9530201342281879,0.9539170506912442,0.9342105263157895,0.9672897196261683,0.9069371849194321,True
0.5850000000000001,142,207,10,7,0.9530201342281879,0.9539170506912442,0.9342105263157895,0.9672897196261683,0.9069371849194321,True
0.5860000000000001,142,207,10,7,0.9530201342281879,0.9539170506912442,0.9342105263157895,0.9672897196261683,0.9069371849194321,True
0.587,142,207,10,7,0.9530201342281879,0.9539170506912442,0.9342105263157895,0.9672897196261683,0.9069371849194321,True
0.588,142,207,10,7,0.9530201342281879,0.9539170506912442,0.9342105263157895,0.9672897196261683,0.9069371849194321,True
0.589,142,207,10,7,0.9530201342281879,0.9539170506912442,0.9342105263157895,0.9672897196261683,0.9069371849194321,True
0.59,142,207,10,7,0.9530201342281879,0.9539170506912442,0.9342105263157895,0.9672897196261683,0.9069371849194321,True
0.591,142,207,10,7,0.9530201342281879,0.9539170506912442,0.9342105263157895,0.9672897196261683,0.9069371849194321,True
0.592,142,207,10,7,0.9530201342281879,0.9539170506912442,0.9342105263157895,0.9672897196261683,0.9069371849194321,True
0.593,142,207,10,7,0.9530201342281879,0.9539170506912442,0.9342105263157895,0.9672897196261683,0.9069371849194321,True
0.594,142,207,10,7,0.9530201342281879,0.9539170506912442,0.9342105263157895,0.9672897196261683,0.9069371849194321,True
0.595,142,207,10,7,0.9530201342281879,0.9539170506912442,0.9342105263157895,0.9672897196261683,0.9069371849194321,True
0.596,142,207,10,7,0.9530201342281879,0.9539170506912442,0.9342105263157895,0.9672897196261683,0.9069371849194321,True
0.597,142,207,10,7,0.9530201342281879,0.9539170506912442,0.9342105263157895,0.9672897196261683,0.9069371849194321,True
0.598,142,207,10,7,0.9530201342281879,0.9539170506912442,0.9342105263157895,0.9672897196261683,0.9069371849194321,True
0.599,142,207,10,7,0.9530201342281879,0.9539170506912442,0.9342105263157895,0.9672897196261683,0.9069371849194321,True
0.6,142,207,10,7,0.9530201342281879,0.9539170506912442,0.9342105263157895,0.9672897196261683,0.9069371849194321,True
0.601,142,207,10,7,0.9530201342281879,0.9539170506912442,0.9342105263157895,0.9672897196261683,0.9069371849194321,True
0.602,142,207,10,7,0.9530201342281879,0.9539170506912442,0.9342105263157895,0.9672897196261683,0.9069371849194321,True
0.603,142,207,10,7,0.9530201342281879,0.9539170506912442,0.9342105263157895,0.9672897196261683,0.9069371849194321,True
0.604,142,207,10,7,0.9530201342281879,0.9539170506912442,0.9342105263157895,0.9672897196261683,0.9069371849194321,True
0.605,142,207,10,7,0.9530201342281879,0.9539170506912442,0.9342105263157895,0.9672897196261683,0.9069371849194321,True
0.606,142,207,10,7,0.9530201342281879,0.9539170506912442,0.9342105263157895,0.9672897196261683,0.9069371849194321,True
0.607,142,207,10,7,0.9530201342281879,0.9539170506912442,0.9342105263157895,0.9672897196261683,0.9069371849194321,True
0.608,142,207,10,7,0.9530201342281879,0.9539170506912442,0.9342105263157895,0.9672897196261683,0.9069371849194321,True
0.609,142,207,10,7,0.9530201342281879,0.9539170506912442,0.9342105263157895,0.9672897196261683,0.9069371849194321,True
0.61,142,207,10,7,0.9530201342281879,0.9539170506912442,0.9342105263157895,0.9672897196261683,0.9069371849194321,True
0.611,142,207,10,7,0.9530201342281879,0.9539170506912442,0.9342105263157895,0.9672897196261683,0.9069371849194321,True
0.612,142,207,10,7,0.9530201342281879,0.9539170506912442,0.9342105263157895,0.9672897196261683,0.9069371849194321,True
0.613,142,207,10,7,0.9530201342281879,0.9539170506912442,0.9342105263157895,0.9672897196261683,0.9069371849194321,True
0.614,142,207,10,7,0.9530201342281879,0.9539170506912442,0.9342105263157895,0.9672897196261683,0.9069371849194321,True
0.615,142,207,10,7,0.9530201342281879,0.9539170506912442,0.9342105263157895,0.9672897196261683,0.9069371849194321,True
0.616,142,207,10,7,0.9530201342281879,0.9539170506912442,0.9342105263157895,0.9672897196261683,0.9069371849194321,True
0.617,142,207,10,7,0.9530201342281879,0.9539170506912442,0.9342105263157895,0.9672897196261683,0.9069371849194321,True
0.618,142,207,10,7,0.9530201342281879,0.9539170506912442,0.9342105263157895,0.9672897196261683,0.9069371849194321,True
0.619,142,207,10,7,0.9530201342281879,0.9539170506912442,0.9342105263157895,0.9672897196261683,0.9069371849194321,True
0.62,142,207,10,7,0.9530201342281879,0.9539170506912442,0.9342105263157895,0.9672897196261683,0.9069371849194321,True
0.621,142,207,10,7,0.9530201342281879,0.9539170506912442,0.9342105263157895,0.9672897196261683,0.9069371849194321,True
0.622,142,207,10,7,0.9530201342281879,0.9539170506912442,0.9342105263157895,0.9672897196261683,0.9069371849194321,True
0.623,142,207,10,7,0.9530201342281879,0.9539170506912442,0.9342105263157895,0.9672897196261683,0.9069371849194321,True
0.624,142,207,10,7,0.9530201342281879,0.9539170506912442,0.9342105263157895,0.9672897196261683,0.9069371849194321,True
0.625,142,207,10,7,0.9530201342281879,0.9539170506912442,0.9342105263157895,0.9672897196261683,0.9069371849194321,True
0.626,142,207,10,7,0.9530201342281879,0.9539170506912442,0.9342105263157895,0.9672897196261683,0.9069371849194321,True
0.627,142,208,9,7,0.9530201342281879,0.9585253456221198,0.9403973509933775,0.9674418604651163,0.9115454798503078,True
0.628,142,208,9,7,0.9530201342281879,0.9585253456221198,0.9403973509933775,0.9674418604651163,0.9115454798503078,True
0.629,142,208,9,7,0.9530201342281879,0.9585253456221198,0.9403973509933775,0.9674418604651163,0.9115454798503078,True
0.63,142,208,9,7,0.9530201342281879,0.9585253456221198,0.9403973509933775,0.9674418604651163,0.9115454798503078,True
0.631,142,208,9,7,0.9530201342281879,0.9585253456221198,0.9403973509933775,0.9674418604651163,0.9115454798503078,True
0.632,142,208,9,7,0.9530201342281879,0.9585253456221198,0.9403973509933775,0.9674418604651163,0.9115454798503078,True
0.633,142,208,9,7,0.9530201342281879,0.9585253456221198,0.9403973509933775,0.9674418604651163,0.9115454798503078,True
0.634,142,208,9,7,0.9530201342281879,0.9585253456221198,0.9403973509933775,0.9674418604651163,0.9115454798503078,True
0.635,142,208,9,7,0.9530201342281879,0.9585253456221198,0.9403973509933775,0.9674418604651163,0.9115454798503078,True
0.636,142,208,9,7,0.9530201342281879,0.9585253456221198,0.9403973509933775,0.9674418604651163,0.9115454798503078,True
0.637,142,208,9,7,0.9530201342281879,0.9585253456221198,0.9403973509933775,0.9674418604651163,0.9115454798503078,True
0.638,142,208,9,7,0.9530201342281879,0.9585253456221198,0.9403973509933775,0.9674418604651163,0.9115454798503078,True
0.639,142,208,9,7,0.9530201342281879,0.9585253456221198,0.9403973509933775,0.9674418604651163,0.9115454798503078,True
0.64,142,208,9,7,0.9530201342281879,0.9585253456221198,0.9403973509933775,0.9674418604651163,0.9115454798503078,True
0.641,142,208,9,7,0.9530201342281879,0.9585253456221198,0.9403973509933775,0.9674418604651163,0.9115454798503078,True
0.642,142,208,9,7,0.9530201342281879,0.9585253456221198,0.9403973509933775,0.9674418604651163,0.9115454798503078,True
0.643,142,208,9,7,0.9530201342281879,0.9585253456221198,0.9403973509933775,0.9674418604651163,0.9115454798503078,True
0.644,142,208,9,7,0.9530201342281879,0.9585253456221198,0.9403973509933775,0.9674418604651163,0.9115454798503078,True
0.645,142,208,9,7,0.9530201342281879,0.9585253456221198,0.9403973509933775,0.9674418604651163,0.9115454798503078,True
0.646,142,208,9,7,0.9530201342281879,0.9585253456221198,0.9403973509933775,0.9674418604651163,0.9115454798503078,True
0.647,142,208,9,7,0.9530201342281879,0.9585253456221198,0.9403973509933775,0.9674418604651163,0.9115454798503078,True
0.648,142,208,9,7,0.9530201342281879,0.9585253456221198,0.9403973509933775,0.9674418604651163,0.9115454798503078,True
0.649,142,208,9,7,0.9530201342281879,0.9585253456221198,0.9403973509933775,0.9674418604651163,0.9115454798503078,True
0.65,142,208,9,7,0.9530201342281879,0.9585253456221198,0.9403973509933775,0.9674418604651163,0.9115454798503078,True
0.651,142,208,9,7,0.9530201342281879,0.9585253456221198,0.9403973509933775,0.9674418604651163,0.9115454798503078,True
0.652,142,208,9,7,0.9530201342281879,0.9585253456221198,0.9403973509933775,0.9674418604651163,0.9115454798503078,True
0.653,142,208,9,7,0.9530201342281879,0.9585253456221198,0.9403973509933775,0.9674418604651163,0.9115454798503078,True
0.654,142,208,9,7,0.9530201342281879,0.9585253456221198,0.9403973509933775,0.9674418604651163,0.9115454798503078,True
0.655,142,208,9,7,0.9530201342281879,0.9585253456221198,0.9403973509933775,0.9674418604651163,0.9115454798503078,True
0.656,142,208,9,7,0.9530201342281879,0.9585253456221198,0.9403973509933775,0.9674418604651163,0.9115454798503078,True
0.657,142,208,9,7,0.9530201342281879,0.9585253456221198,0.9403973509933775,0.9674418604651163,0.9115454798503078,True
0.658,142,208,9,7,0.9530201342281879,0.9585253456221198,0.9403973509933775,0.9674418604651163,0.9115454798503078,True
0.659,142,208,9,7,0.9530201342281879,0.9585253456221198,0.9403973509933775,0.9674418604651163,0.9115454798503078,True
0.66,142,208,9,7,0.9530201342281879,0.9585253456221198,0.9403973509933775,0.9674418604651163,0.9115454798503078,True
0.661,142,208,9,7,0.9530201342281879,0.9585253456221198,0.9403973509933775,0.9674418604651163,0.9115454798503078,True
0.662,142,208,9,7,0.9530201342281879,0.9585253456221198,0.9403973509933775,0.9674418604651163,0.9115454798503078,True
0.663,142,208,9,7,0.9530201342281879,0.9585253456221198,0.9403973509933775,0.9674418604651163,0.9115454798503078,True
0.664,142,208,9,7,0.9530201342281879,0.9585253456221198,0.9403973509933775,0.9674418604651163,0.9115454798503078,True
0.665,142,208,9,7,0.9530201342281879,0.9585253456221198,0.9403973509933775,0.9674418604651163,0.9115454798503078,True
0.666,142,208,9,7,0.9530201342281879,0.9585253456221198,0.9403973509933775,0.9674418604651163,0.9115454798503078,True
0.667,142,208,9,7,0.9530201342281879,0.9585253456221198,0.9403973509933775,0.9674418604651163,0.9115454798503078,True
0.668,142,208,9,7,0.9530201342281879,0.9585253456221198,0.9403973509933775,0.9674418604651163,0.9115454798503078,True
0.669,142,208,9,7,0.9530201342281879,0.9585253456221198,0.9403973509933775,0.9674418604651163,0.9115454798503078,True
0.67,142,208,9,7,0.9530201342281879,0.9585253456221198,0.9403973509933775,0.9674418604651163,0.9115454798503078,True
0.671,142,208,9,7,0.9530201342281879,0.9585253456221198,0.9403973509933775,0.9674418604651163,0.9115454798503078,True
0.672,142,208,9,7,0.9530201342281879,0.9585253456221198,0.9403973509933775,0.9674418604651163,0.9115454798503078,True
0.673,142,208,9,7,0.9530201342281879,0.9585253456221198,0.9403973509933775,0.9674418604651163,0.9115454798503078,True
0.674,142,208,9,7,0.9530201342281879,0.9585253456221198,0.9403973509933775,0.9674418604651163,0.9115454798503078,True
0.675,142,208,9,7,0.9530201342281879,0.9585253456221198,0.9403973509933775,0.9674418604651163,0.9115454798503078,True
0.676,142,208,9,7,0.9530201342281879,0.9585253456221198,0.9403973509933775,0.9674418604651163,0.9115454798503078,True
0.677,142,208,9,7,0.9530201342281879,0.9585253456221198,0.9403973509933775,0.9674418604651163,0.9115454798503078,True
0.678,142,208,9,7,0.9530201342281879,0.9585253456221198,0.9403973509933775,0.9674418604651163,0.9115454798503078,True
0.679,142,208,9,7,0.9530201342281879,0.9585253456221198,0.9403973509933775,0.9674418604651163,0.9115454798503078,True
0.68,142,208,9,7,0.9530201342281879,0.9585253456221198,0.9403973509933775,0.9674418604651163,0.9115454798503078,True
0.681,141,208,9,8,0.9463087248322147,0.9585253456221198,0.94,0.9629629629629629,0.9048340704543345,True
0.682,141,208,9,8,0.9463087248322147,0.9585253456221198,0.94,0.9629629629629629,0.9048340704543345,True
0.683,141,208,9,8,0.9463087248322147,0.9585253456221198,0.94,0.9629629629629629,0.9048340704543345,True
0.684,141,208,9,8,0.9463087248322147,0.9585253456221198,0.94,0.9629629629629629,0.9048340704543345,True
0.685,141,208,9,8,0.9463087248322147,0.9585253456221198,0.94,0.9629629629629629,0.9048340704543345,True
0.686,141,208,9,8,0.9463087248322147,0.9585253456221198,0.94,0.9629629629629629,0.9048340704543345,True
0.687,141,208,9,8,0.9463087248322147,0.9585253456221198,0.94,0.9629629629629629,0.9048340704543345,True
0.6880000000000001,141,208,9,8,0.9463087248322147,0.9585253456221198,0.94,0.9629629629629629,0.9048340704543345,True
0.6890000000000001,141,208,9,8,0.9463087248322147,0.9585253456221198,0.94,0.9629629629629629,0.9048340704543345,True
0.6900000000000001,141,208,9,8,0.9463087248322147,0.9585253456221198,0.94,0.9629629629629629,0.9048340704543345,True
0.6910000000000001,141,208,9,8,0.9463087248322147,0.9585253456221198,0.94,0.9629629629629629,0.9048340704543345,True
0.6920000000000001,141,208,9,8,0.9463087248322147,0.9585253456221198,0.94,0.9629629629629629,0.9048340704543345,True
0.6930000000000001,141,208,9,8,0.9463087248322147,0.9585253456221198,0.94,0.9629629629629629,0.9048340704543345,True
0.6940000000000001,141,208,9,8,0.9463087248322147,0.9585253456221198,0.94,0.9629629629629629,0.9048340704543345,True
0.6950000000000001,141,208,9,8,0.9463087248322147,0.9585253456221198,0.94,0.9629629629629629,0.9048340704543345,True
0.6960000000000001,141,208,9,8,0.9463087248322147,0.9585253456221198,0.94,0.9629629629629629,0.9048340704543345,True
0.6970000000000001,141,208,9,8,0.9463087248322147,0.9585253456221198,0.94,0.9629629629629629,0.9048340704543345,True
0.6980000000000001,141,208,9,8,0.9463087248322147,0.9585253456221198,0.94,0.9629629629629629,0.9048340704543345,True
0.6990000000000001,141,208,9,8,0.9463087248322147,0.9585253456221198,0.94,0.9629629629629629,0.9048340704543345,True
0.7000000000000001,141,208,9,8,0.9463087248322147,0.9585253456221198,0.94,0.9629629629629629,0.9048340704543345,True
0.7010000000000001,141,208,9,8,0.9463087248322147,0.9585253456221198,0.94,0.9629629629629629,0.9048340704543345,True
0.7020000000000001,141,208,9,8,0.9463087248322147,0.9585253456221198,0.94,0.9629629629629629,0.9048340704543345,True
0.7030000000000001,141,208,9,8,0.9463087248322147,0.9585253456221198,0.94,0.9629629629629629,0.9048340704543345,True
0.7040000000000001,141,208,9,8,0.9463087248322147,0.9585253456221198,0.94,0.9629629629629629,0.9048340704543345,True
0.7050000000000001,141,208,9,8,0.9463087248322147,0.9585253456221198,0.94,0.9629629629629629,0.9048340704543345,True
0.7060000000000001,141,208,9,8,0.9463087248322147,0.9585253456221198,0.94,0.9629629629629629,0.9048340704543345,True
0.7070000000000001,141,208,9,8,0.9463087248322147,0.9585253456221198,0.94,0.9629629629629629,0.9048340704543345,True
0.7080000000000001,141,208,9,8,0.9463087248322147,0.9585253456221198,0.94,0.9629629629629629,0.9048340704543345,True
0.7090000000000001,141,208,9,8,0.9463087248322147,0.9585253456221198,0.94,0.9629629629629629,0.9048340704543345,True
0.7100000000000001,141,208,9,8,0.9463087248322147,0.9585253456221198,0.94,0.9629629629629629,0.9048340704543345,True
0.7110000000000001,141,208,9,8,0.9463087248322147,0.9585253456221198,0.94,0.9629629629629629,0.9048340704543345,True
0.7120000000000001,141,208,9,8,0.9463087248322147,0.9585253456221198,0.94,0.9629629629629629,0.9048340704543345,True
0.7130000000000001,141,208,9,8,0.9463087248322147,0.9585253456221198,0.94,0.9629629629629629,0.9048340704543345,True
0.714,141,208,9,8,0.9463087248322147,0.9585253456221198,0.94,0.9629629629629629,0.9048340704543345,True
0.715,141,208,9,8,0.9463087248322147,0.9585253456221198,0.94,0.9629629629629629,0.9048340704543345,True
0.716,141,208,9,8,0.9463087248322147,0.9585253456221198,0.94,0.9629629629629629,0.9048340704543345,True
0.717,141,208,9,8,0.9463087248322147,0.9585253456221198,0.94,0.9629629629629629,0.9048340704543345,True
0.718,141,208,9,8,0.9463087248322147,0.9585253456221198,0.94,0.9629629629629629,0.9048340704543345,True
0.719,141,208,9,8,0.9463087248322147,0.9585253456221198,0.94,0.9629629629629629,0.9048340704543345,True
0.72,141,208,9,8,0.9463087248322147,0.9585253456221198,0.94,0.9629629629629629,0.9048340704543345,True
0.721,141,208,9,8,0.9463087248322147,0.9585253456221198,0.94,0.9629629629629629,0.9048340704543345,True
0.722,141,208,9,8,0.9463087248322147,0.9585253456221198,0.94,0.9629629629629629,0.9048340704543345,True
0.723,141,208,9,8,0.9463087248322147,0.9585253456221198,0.94,0.9629629629629629,0.9048340704543345,True
0.724,141,208,9,8,0.9463087248322147,0.9585253456221198,0.94,0.9629629629629629,0.9048340704543345,True
0.725,141,208,9,8,0.9463087248322147,0.9585253456221198,0.94,0.9629629629629629,0.9048340704543345,True
0.726,141,208,9,8,0.9463087248322147,0.9585253456221198,0.94,0.9629629629629629,0.9048340704543345,True
0.727,141,208,9,8,0.9463087248322147,0.9585253456221198,0.94,0.9629629629629629,0.9048340704543345,True
0.728,141,208,9,8,0.9463087248322147,0.9585253456221198,0.94,0.9629629629629629,0.9048340704543345,True
0.729,141,208,9,8,0.9463087248322147,0.9585253456221198,0.94,0.9629629629629629,0.9048340704543345,True
0.73,141,208,9,8,0.9463087248322147,0.9585253456221198,0.94,0.9629629629629629,0.9048340704543345,True
0.731,141,208,9,8,0.9463087248322147,0.9585253456221198,0.94,0.9629629629629629,0.9048340704543345,True
0.732,141,208,9,8,0.9463087248322147,0.9585253456221198,0.94,0.9629629629629629,0.9048340704543345,True
0.733,141,208,9,8,0.9463087248322147,0.9585253456221198,0.94,0.9629629629629629,0.9048340704543345,True
0.734,141,209,8,8,0.9463087248322147,0.9631336405529954,0.9463087248322147,0.9631336405529954,0.9094423653852102,True
0.735,141,209,8,8,0.9463087248322147,0.9631336405529954,0.9463087248322147,0.9631336405529954,0.9094423653852102,True
0.736,141,209,8,8,0.9463087248322147,0.9631336405529954,0.9463087248322147,0.9631336405529954,0.9094423653852102,True
0.737,141,209,8,8,0.9463087248322147,0.9631336405529954,0.9463087248322147,0.9631336405529954,0.9094423653852102,True
0.738,141,209,8,8,0.9463087248322147,0.9631336405529954,0.9463087248322147,0.9631336405529954,0.9094423653852102,True
0.739,141,209,8,8,0.9463087248322147,0.9631336405529954,0.9463087248322147,0.9631336405529954,0.9094423653852102,True
0.74,141,209,8,8,0.9463087248322147,0.9631336405529954,0.9463087248322147,0.9631336405529954,0.9094423653852102,True
0.741,141,209,8,8,0.9463087248322147,0.9631336405529954,0.9463087248322147,0.9631336405529954,0.9094423653852102,True
0.742,141,209,8,8,0.9463087248322147,0.9631336405529954,0.9463087248322147,0.9631336405529954,0.9094423653852102,True
0.743,141,209,8,8,0.9463087248322147,0.9631336405529954,0.9463087248322147,0.9631336405529954,0.9094423653852102,True
0.744,141,209,8,8,0.9463087248322147,0.9631336405529954,0.9463087248322147,0.9631336405529954,0.9094423653852102,True
0.745,141,209,8,8,0.9463087248322147,0.9631336405529954,0.9463087248322147,0.9631336405529954,0.9094423653852102,True
0.746,141,209,8,8,0.9463087248322147,0.9631336405529954,0.9463087248322147,0.9631336405529954,0.9094423653852102,True
0.747,141,209,8,8,0.9463087248322147,0.9631336405529954,0.9463087248322147,0.9631336405529954,0.9094423653852102,True
0.748,141,209,8,8,0.9463087248322147,0.9631336405529954,0.9463087248322147,0.9631336405529954,0.9094423653852102,True
0.749,141,209,8,8,0.9463087248322147,0.9631336405529954,0.9463087248322147,0.9631336405529954,0.9094423653852102,True
0.75,141,209,8,8,0.9463087248322147,0.9631336405529954,0.9463087248322147,0.9631336405529954,0.9094423653852102,True
0.751,141,209,8,8,0.9463087248322147,0.9631336405529954,0.9463087248322147,0.9631336405529954,0.9094423653852102,True
0.752,141,209,8,8,0.9463087248322147,0.9631336405529954,0.9463087248322147,0.9631336405529954,0.9094423653852102,True
0.753,140,209,8,9,0.9395973154362416,0.9631336405529954,0.9459459459459459,0.9587155963302753,0.9027309559892371,True
0.754,140,209,8,9,0.9395973154362416,0.9631336405529954,0.9459459459459459,0.9587155963302753,0.9027309559892371,True
0.755,140,209,8,9,0.9395973154362416,0.9631336405529954,0.9459459459459459,0.9587155963302753,0.9027309559892371,True
0.756,140,209,8,9,0.9395973154362416,0.9631336405529954,0.9459459459459459,0.9587155963302753,0.9027309559892371,True
0.757,140,210,7,9,0.9395973154362416,0.967741935483871,0.9523809523809523,0.958904109589041,0.9073392509201126,True
0.758,140,210,7,9,0.9395973154362416,0.967741935483871,0.9523809523809523,0.958904109589041,0.9073392509201126,True
0.759,140,210,7,9,0.9395973154362416,0.967741935483871,0.9523809523809523,0.958904109589041,0.9073392509201126,True
0.76,140,210,7,9,0.9395973154362416,0.967741935483871,0.9523809523809523,0.958904109589041,0.9073392509201126,True
0.761,140,210,7,9,0.9395973154362416,0.967741935483871,0.9523809523809523,0.958904109589041,0.9073392509201126,True
0.762,140,210,7,9,0.9395973154362416,0.967741935483871,0.9523809523809523,0.958904109589041,0.9073392509201126,True
0.763,140,210,7,9,0.9395973154362416,0.967741935483871,0.9523809523809523,0.958904109589041,0.9073392509201126,True
0.764,140,210,7,9,0.9395973154362416,0.967741935483871,0.9523809523809523,0.958904109589041,0.9073392509201126,True
0.765,140,210,7,9,0.9395973154362416,0.967741935483871,0.9523809523809523,0.958904109589041,0.9073392509201126,True
0.766,140,210,7,9,0.9395973154362416,0.967741935483871,0.9523809523809523,0.958904109589041,0.9073392509201126,True
0.767,140,210,7,9,0.9395973154362416,0.967741935483871,0.9523809523809523,0.958904109589041,0.9073392509201126,True
0.768,140,210,7,9,0.9395973154362416,0.967741935483871,0.9523809523809523,0.958904109589041,0.9073392509201126,True
0.769,140,210,7,9,0.9395973154362416,0.967741935483871,0.9523809523809523,0.958904109589041,0.9073392509201126,True
0.77,140,210,7,9,0.9395973154362416,0.967741935483871,0.9523809523809523,0.958904109589041,0.9073392509201126,True
0.771,140,210,7,9,0.9395973154362416,0.967741935483871,0.9523809523809523,0.958904109589041,0.9073392509201126,True
0.772,140,210,7,9,0.9395973154362416,0.967741935483871,0.9523809523809523,0.958904109589041,0.9073392509201126,True
0.773,140,210,7,9,0.9395973154362416,0.967741935483871,0.9523809523809523,0.958904109589041,0.9073392509201126,True
0.774,140,210,7,9,0.9395973154362416,0.967741935483871,0.9523809523809523,0.958904109589041,0.9073392509201126,True
0.775,140,210,7,9,0.9395973154362416,0.967741935483871,0.9523809523809523,0.958904109589041,0.9073392509201126,True
0.776,140,210,7,9,0.9395973154362416,0.967741935483871,0.9523809523809523,0.958904109589041,0.9073392509201126,True
0.777,140,210,7,9,0.9395973154362416,0.967741935483871,0.9523809523809523,0.958904109589041,0.9073392509201126,True
0.778,140,210,7,9,0.9395973154362416,0.967741935483871,0.9523809523809523,0.958904109589041,0.9073392509201126,True
0.779,140,210,7,9,0.9395973154362416,0.967741935483871,0.9523809523809523,0.958904109589041,0.9073392509201126,True
0.78,140,210,7,9,0.9395973154362416,0.967741935483871,0.9523809523809523,0.958904109589041,0.9073392509201126,True
0.781,140,210,7,9,0.9395973154362416,0.967741935483871,0.9523809523809523,0.958904109589041,0.9073392509201126,True
0.782,139,210,7,10,0.9328859060402684,0.967741935483871,0.952054794520548,0.9545454545454546,0.9006278415241393,True
0.783,139,210,7,10,0.9328859060402684,0.967741935483871,0.952054794520548,0.9545454545454546,0.9006278415241393,True
0.784,138,210,7,11,0.9261744966442953,0.967741935483871,0.9517241379310345,0.9502262443438914,0.8939164321281663,True
0.785,138,210,7,11,0.9261744966442953,0.967741935483871,0.9517241379310345,0.9502262443438914,0.8939164321281663,True
0.786,138,210,7,11,0.9261744966442953,0.967741935483871,0.9517241379310345,0.9502262443438914,0.8939164321281663,True
0.787,138,210,7,11,0.9261744966442953,0.967741935483871,0.9517241379310345,0.9502262443438914,0.8939164321281663,True
0.788,137,210,7,12,0.9194630872483222,0.967741935483871,0.9513888888888888,0.9459459459459459,0.8872050227321933,True
0.789,136,210,7,13,0.912751677852349,0.967741935483871,0.951048951048951,0.9417040358744395,0.88049361333622,True
0.79,136,210,7,13,0.912751677852349,0.967741935483871,0.951048951048951,0.9417040358744395,0.88049361333622,True
0.791,136,210,7,13,0.912751677852349,0.967741935483871,0.951048951048951,0.9417040358744395,0.88049361333622,True
0.792,136,210,7,13,0.912751677852349,0.967741935483871,0.951048951048951,0.9417040358744395,0.88049361333622,True
0.793,136,210,7,13,0.912751677852349,0.967741935483871,0.951048951048951,0.9417040358744395,0.88049361333622,True
0.794,136,210,7,13,0.912751677852349,0.967741935483871,0.951048951048951,0.9417040358744395,0.88049361333622,True
0.795,136,210,7,13,0.912751677852349,0.967741935483871,0.951048951048951,0.9417040358744395,0.88049361333622,True
0.796,136,212,5,13,0.912751677852349,0.9769585253456221,0.9645390070921985,0.9422222222222222,0.8897102031979711,True
0.797,136,212,5,13,0.912751677852349,0.9769585253456221,0.9645390070921985,0.9422222222222222,0.8897102031979711,True
0.798,136,212,5,13,0.912751677852349,0.9769585253456221,0.9645390070921985,0.9422222222222222,0.8897102031979711,True
0.799,136,212,5,13,0.912751677852349,0.9769585253456221,0.9645390070921985,0.9422222222222222,0.8897102031979711,True
0.8,136,212,5,13,0.912751677852349,0.9769585253456221,0.9645390070921985,0.9422222222222222,0.8897102031979711,True
0.801,136,212,5,13,0.912751677852349,0.9769585253456221,0.9645390070921985,0.9422222222222222,0.8897102031979711,True
0.802,136,212,5,13,0.912751677852349,0.9769585253456221,0.9645390070921985,0.9422222222222222,0.8897102031979711,True
0.803,136,212,5,13,0.912751677852349,0.9769585253456221,0.9645390070921985,0.9422222222222222,0.8897102031979711,True
0.804,136,212,5,13,0.912751677852349,0.9769585253456221,0.9645390070921985,0.9422222222222222,0.8897102031979711,True
0.805,136,212,5,13,0.912751677852349,0.9769585253456221,0.9645390070921985,0.9422222222222222,0.8897102031979711,True
0.806,136,212,5,13,0.912751677852349,0.9769585253456221,0.9645390070921985,0.9422222222222222,0.8897102031979711,True
0.807,135,213,4,14,0.9060402684563759,0.9815668202764977,0.9712230215827338,0.9383259911894273,0.8876070887328735,True
0.808,135,213,4,14,0.9060402684563759,0.9815668202764977,0.9712230215827338,0.9383259911894273,0.8876070887328735,True
0.809,135,213,4,14,0.9060402684563759,0.9815668202764977,0.9712230215827338,0.9383259911894273,0.8876070887328735,True
0.81,135,213,4,14,0.9060402684563759,0.9815668202764977,0.9712230215827338,0.9383259911894273,0.8876070887328735,True
0.811,135,213,4,14,0.9060402684563759,0.9815668202764977,0.9712230215827338,0.9383259911894273,0.8876070887328735,True
0.812,135,213,4,14,0.9060402684563759,0.9815668202764977,0.9712230215827338,0.9383259911894273,0.8876070887328735,True
0.8130000000000001,135,213,4,14,0.9060402684563759,0.9815668202764977,0.9712230215827338,0.9383259911894273,0.8876070887328735,True
0.8140000000000001,135,213,4,14,0.9060402684563759,0.9815668202764977,0.9712230215827338,0.9383259911894273,0.8876070887328735,True
0.8150000000000001,135,213,4,14,0.9060402684563759,0.9815668202764977,0.9712230215827338,0.9383259911894273,0.8876070887328735,True
0.8160000000000001,135,213,4,14,0.9060402684563759,0.9815668202764977,0.9712230215827338,0.9383259911894273,0.8876070887328735,True
0.8170000000000001,135,213,4,14,0.9060402684563759,0.9815668202764977,0.9712230215827338,0.9383259911894273,0.8876070887328735,True
0.8180000000000001,135,213,4,14,0.9060402684563759,0.9815668202764977,0.9712230215827338,0.9383259911894273,0.8876070887328735,True
0.8190000000000001,134,213,4,15,0.8993288590604027,0.9815668202764977,0.9710144927536232,0.9342105263157895,0.8808956793369003,False
0.8200000000000001,134,213,4,15,0.8993288590604027,0.9815668202764977,0.9710144927536232,0.9342105263157895,0.8808956793369003,False
0.8210000000000001,134,213,4,15,0.8993288590604027,0.9815668202764977,0.9710144927536232,0.9342105263157895,0.8808956793369003,False
0.8220000000000001,134,213,4,15,0.8993288590604027,0.9815668202764977,0.9710144927536232,0.9342105263157895,0.8808956793369003,False
0.8230000000000001,134,213,4,15,0.8993288590604027,0.9815668202764977,0.9710144927536232,0.9342105263157895,0.8808956793369003,False
0.8240000000000001,134,213,4,15,0.8993288590604027,0.9815668202764977,0.9710144927536232,0.9342105263157895,0.8808956793369003,False
0.8250000000000001,134,213,4,15,0.8993288590604027,0.9815668202764977,0.9710144927536232,0.9342105263157895,0.8808956793369003,False
0.8260000000000001,134,213,4,15,0.8993288590604027,0.9815668202764977,0.9710144927536232,0.9342105263157895,0.8808956793369003,False
0.8270000000000001,134,213,4,15,0.8993288590604027,0.9815668202764977,0.9710144927536232,0.9342105263157895,0.8808956793369003,False
0.8280000000000001,134,213,4,15,0.8993288590604027,0.9815668202764977,0.9710144927536232,0.9342105263157895,0.8808956793369003,False
0.8290000000000001,134,213,4,15,0.8993288590604027,0.9815668202764977,0.9710144927536232,0.9342105263157895,0.8808956793369003,False
0.8300000000000001,134,213,4,15,0.8993288590604027,0.9815668202764977,0.9710144927536232,0.9342105263157895,0.8808956793369003,False
0.8310000000000001,134,213,4,15,0.8993288590604027,0.9815668202764977,0.9710144927536232,0.9342105263157895,0.8808956793369003,False
0.8320000000000001,134,213,4,15,0.8993288590604027,0.9815668202764977,0.9710144927536232,0.9342105263157895,0.8808956793369003,False
0.8330000000000001,133,213,4,16,0.8926174496644296,0.9815668202764977,0.9708029197080292,0.9301310043668122,0.8741842699409272,False
0.8340000000000001,133,213,4,16,0.8926174496644296,0.9815668202764977,0.9708029197080292,0.9301310043668122,0.8741842699409272,False
0.8350000000000001,133,213,4,16,0.8926174496644296,0.9815668202764977,0.9708029197080292,0.9301310043668122,0.8741842699409272,False
0.8360000000000001,133,213,4,16,0.8926174496644296,0.9815668202764977,0.9708029197080292,0.9301310043668122,0.8741842699409272,False
0.8370000000000001,133,213,4,16,0.8926174496644296,0.9815668202764977,0.9708029197080292,0.9301310043668122,0.8741842699409272,False
0.8380000000000001,133,213,4,16,0.8926174496644296,0.9815668202764977,0.9708029197080292,0.9301310043668122,0.8741842699409272,False
0.8390000000000001,133,213,4,16,0.8926174496644296,0.9815668202764977,0.9708029197080292,0.9301310043668122,0.8741842699409272,False
0.8400000000000001,133,213,4,16,0.8926174496644296,0.9815668202764977,0.9708029197080292,0.9301310043668122,0.8741842699409272,False
0.8410000000000001,133,213,4,16,0.8926174496644296,0.9815668202764977,0.9708029197080292,0.9301310043668122,0.8741842699409272,False
0.8420000000000001,132,213,4,17,0.8859060402684564,0.9815668202764977,0.9705882352941176,0.9260869565217391,0.8674728605449542,False
0.843,132,213,4,17,0.8859060402684564,0.9815668202764977,0.9705882352941176,0.9260869565217391,0.8674728605449542,False
0.844,132,213,4,17,0.8859060402684564,0.9815668202764977,0.9705882352941176,0.9260869565217391,0.8674728605449542,False
0.845,132,213,4,17,0.8859060402684564,0.9815668202764977,0.9705882352941176,0.9260869565217391,0.8674728605449542,False
0.846,132,213,4,17,0.8859060402684564,0.9815668202764977,0.9705882352941176,0.9260869565217391,0.8674728605449542,False
0.847,132,213,4,17,0.8859060402684564,0.9815668202764977,0.9705882352941176,0.9260869565217391,0.8674728605449542,False
0.848,132,213,4,17,0.8859060402684564,0.9815668202764977,0.9705882352941176,0.9260869565217391,0.8674728605449542,False
0.849,132,213,4,17,0.8859060402684564,0.9815668202764977,0.9705882352941176,0.9260869565217391,0.8674728605449542,False
0.85,132,213,4,17,0.8859060402684564,0.9815668202764977,0.9705882352941176,0.9260869565217391,0.8674728605449542,False
0.851,132,213,4,17,0.8859060402684564,0.9815668202764977,0.9705882352941176,0.9260869565217391,0.8674728605449542,False
0.852,132,213,4,17,0.8859060402684564,0.9815668202764977,0.9705882352941176,0.9260869565217391,0.8674728605449542,False
0.853,132,213,4,17,0.8859060402684564,0.9815668202764977,0.9705882352941176,0.9260869565217391,0.8674728605449542,False
0.854,132,213,4,17,0.8859060402684564,0.9815668202764977,0.9705882352941176,0.9260869565217391,0.8674728605449542,False
0.855,132,213,4,17,0.8859060402684564,0.9815668202764977,0.9705882352941176,0.9260869565217391,0.8674728605449542,False
0.856,132,213,4,17,0.8859060402684564,0.9815668202764977,0.9705882352941176,0.9260869565217391,0.8674728605449542,False
0.857,132,213,4,17,0.8859060402684564,0.9815668202764977,0.9705882352941176,0.9260869565217391,0.8674728605449542,False
0.858,132,213,4,17,0.8859060402684564,0.9815668202764977,0.9705882352941176,0.9260869565217391,0.8674728605449542,False
0.859,132,213,4,17,0.8859060402684564,0.9815668202764977,0.9705882352941176,0.9260869565217391,0.8674728605449542,False
0.86,132,213,4,17,0.8859060402684564,0.9815668202764977,0.9705882352941176,0.9260869565217391,0.8674728605449542,False
0.861,132,213,4,17,0.8859060402684564,0.9815668202764977,0.9705882352941176,0.9260869565217391,0.8674728605449542,False
0.862,132,213,4,17,0.8859060402684564,0.9815668202764977,0.9705882352941176,0.9260869565217391,0.8674728605449542,False
0.863,132,213,4,17,0.8859060402684564,0.9815668202764977,0.9705882352941176,0.9260869565217391,0.8674728605449542,False
0.864,132,213,4,17,0.8859060402684564,0.9815668202764977,0.9705882352941176,0.9260869565217391,0.8674728605449542,False
0.865,132,213,4,17,0.8859060402684564,0.9815668202764977,0.9705882352941176,0.9260869565217391,0.8674728605449542,False
0.866,132,213,4,17,0.8859060402684564,0.9815668202764977,0.9705882352941176,0.9260869565217391,0.8674728605449542,False
0.867,132,213,4,17,0.8859060402684564,0.9815668202764977,0.9705882352941176,0.9260869565217391,0.8674728605449542,False
0.868,132,213,4,17,0.8859060402684564,0.9815668202764977,0.9705882352941176,0.9260869565217391,0.8674728605449542,False
0.869,132,213,4,17,0.8859060402684564,0.9815668202764977,0.9705882352941176,0.9260869565217391,0.8674728605449542,False
0.87,132,213,4,17,0.8859060402684564,0.9815668202764977,0.9705882352941176,0.9260869565217391,0.8674728605449542,False
0.871,132,213,4,17,0.8859060402684564,0.9815668202764977,0.9705882352941176,0.9260869565217391,0.8674728605449542,False
0.872,132,213,4,17,0.8859060402684564,0.9815668202764977,0.9705882352941176,0.9260869565217391,0.8674728605449542,False
0.873,132,213,4,17,0.8859060402684564,0.9815668202764977,0.9705882352941176,0.9260869565217391,0.8674728605449542,False
0.874,132,213,4,17,0.8859060402684564,0.9815668202764977,0.9705882352941176,0.9260869565217391,0.8674728605449542,False
0.875,131,213,4,18,0.8791946308724832,0.9815668202764977,0.9703703703703703,0.922077922077922,0.860761451148981,False
0.876,131,213,4,18,0.8791946308724832,0.9815668202764977,0.9703703703703703,0.922077922077922,0.860761451148981,False
0.877,131,213,4,18,0.8791946308724832,0.9815668202764977,0.9703703703703703,0.922077922077922,0.860761451148981,False
0.878,131,213,4,18,0.8791946308724832,0.9815668202764977,0.9703703703703703,0.922077922077922,0.860761451148981,False
0.879,130,213,4,19,0.87248322147651,0.9815668202764977,0.9701492537313433,0.9181034482758621,0.8540500417530077,False
0.88,130,213,4,19,0.87248322147651,0.9815668202764977,0.9701492537313433,0.9181034482758621,0.8540500417530077,False
0.881,130,213,4,19,0.87248322147651,0.9815668202764977,0.9701492537313433,0.9181034482758621,0.8540500417530077,False
0.882,130,213,4,19,0.87248322147651,0.9815668202764977,0.9701492537313433,0.9181034482758621,0.8540500417530077,False
0.883,130,213,4,19,0.87248322147651,0.9815668202764977,0.9701492537313433,0.9181034482758621,0.8540500417530077,False
0.884,130,213,4,19,0.87248322147651,0.9815668202764977,0.9701492537313433,0.9181034482758621,0.8540500417530077,False
0.885,130,213,4,19,0.87248322147651,0.9815668202764977,0.9701492537313433,0.9181034482758621,0.8540500417530077,False
0.886,130,213,4,19,0.87248322147651,0.9815668202764977,0.9701492537313433,0.9181034482758621,0.8540500417530077,False
0.887,130,213,4,19,0.87248322147651,0.9815668202764977,0.9701492537313433,0.9181034482758621,0.8540500417530077,False
0.888,130,213,4,19,0.87248322147651,0.9815668202764977,0.9701492537313433,0.9181034482758621,0.8540500417530077,False
0.889,130,213,4,19,0.87248322147651,0.9815668202764977,0.9701492537313433,0.9181034482758621,0.8540500417530077,False
0.89,130,213,4,19,0.87248322147651,0.9815668202764977,0.9701492537313433,0.9181034482758621,0.8540500417530077,False
0.891,130,213,4,19,0.87248322147651,0.9815668202764977,0.9701492537313433,0.9181034482758621,0.8540500417530077,False
0.892,130,213,4,19,0.87248322147651,0.9815668202764977,0.9701492537313433,0.9181034482758621,0.8540500417530077,False
0.893,129,213,4,20,0.8657718120805369,0.9815668202764977,0.9699248120300752,0.9141630901287554,0.8473386323570344,False
0.894,129,213,4,20,0.8657718120805369,0.9815668202764977,0.9699248120300752,0.9141630901287554,0.8473386323570344,False
0.895,129,213,4,20,0.8657718120805369,0.9815668202764977,0.9699248120300752,0.9141630901287554,0.8473386323570344,False
0.896,129,213,4,20,0.8657718120805369,0.9815668202764977,0.9699248120300752,0.9141630901287554,0.8473386323570344,False
0.897,129,213,4,20,0.8657718120805369,0.9815668202764977,0.9699248120300752,0.9141630901287554,0.8473386323570344,False
0.898,129,213,4,20,0.8657718120805369,0.9815668202764977,0.9699248120300752,0.9141630901287554,0.8473386323570344,False
0.899,128,213,4,21,0.8590604026845637,0.9815668202764977,0.9696969696969697,0.9102564102564102,0.8406272229610614,False
0.9,128,213,4,21,0.8590604026845637,0.9815668202764977,0.9696969696969697,0.9102564102564102,0.8406272229610614,False
0.901,128,213,4,21,0.8590604026845637,0.9815668202764977,0.9696969696969697,0.9102564102564102,0.8406272229610614,False
0.902,128,213,4,21,0.8590604026845637,0.9815668202764977,0.9696969696969697,0.9102564102564102,0.8406272229610614,False
0.903,128,213,4,21,0.8590604026845637,0.9815668202764977,0.9696969696969697,0.9102564102564102,0.8406272229610614,False
0.904,126,213,4,23,0.8456375838926175,0.9815668202764977,0.9692307692307692,0.902542372881356,0.8272044041691151,False
0.905,124,213,4,25,0.8322147651006712,0.9815668202764977,0.96875,0.8949579831932774,0.8137815853771688,False
0.906,124,213,4,25,0.8322147651006712,0.9815668202764977,0.96875,0.8949579831932774,0.8137815853771688,False
0.907,124,213,4,25,0.8322147651006712,0.9815668202764977,0.96875,0.8949579831932774,0.8137815853771688,False
0.908,124,213,4,25,0.8322147651006712,0.9815668202764977,0.96875,0.8949579831932774,0.8137815853771688,False
0.909,124,213,4,25,0.8322147651006712,0.9815668202764977,0.96875,0.8949579831932774,0.8137815853771688,False
0.91,124,213,4,25,0.8322147651006712,0.9815668202764977,0.96875,0.8949579831932774,0.8137815853771688,False
0.911,124,213,4,25,0.8322147651006712,0.9815668202764977,0.96875,0.8949579831932774,0.8137815853771688,False
0.912,124,213,4,25,0.8322147651006712,0.9815668202764977,0.96875,0.8949579831932774,0.8137815853771688,False
0.913,124,213,4,25,0.8322147651006712,0.9815668202764977,0.96875,0.8949579831932774,0.8137815853771688,False
0.914,124,213,4,25,0.8322147651006712,0.9815668202764977,0.96875,0.8949579831932774,0.8137815853771688,False
0.915,124,213,4,25,0.8322147651006712,0.9815668202764977,0.96875,0.8949579831932774,0.8137815853771688,False
0.916,124,213,4,25,0.8322147651006712,0.9815668202764977,0.96875,0.8949579831932774,0.8137815853771688,False
0.917,124,213,4,25,0.8322147651006712,0.9815668202764977,0.96875,0.8949579831932774,0.8137815853771688,False
0.918,124,213,4,25,0.8322147651006712,0.9815668202764977,0.96875,0.8949579831932774,0.8137815853771688,False
0.919,124,213,4,25,0.8322147651006712,0.9815668202764977,0.96875,0.8949579831932774,0.8137815853771688,False
0.92,124,213,4,25,0.8322147651006712,0.9815668202764977,0.96875,0.8949579831932774,0.8137815853771688,False
0.921,124,213,4,25,0.8322147651006712,0.9815668202764977,0.96875,0.8949579831932774,0.8137815853771688,False
0.922,124,213,4,25,0.8322147651006712,0.9815668202764977,0.96875,0.8949579831932774,0.8137815853771688,False
0.923,124,213,4,25,0.8322147651006712,0.9815668202764977,0.96875,0.8949579831932774,0.8137815853771688,False
0.924,122,213,4,27,0.8187919463087249,0.9815668202764977,0.9682539682539683,0.8875,0.8003587665852225,False
0.925,122,213,4,27,0.8187919463087249,0.9815668202764977,0.9682539682539683,0.8875,0.8003587665852225,False
0.926,122,213,4,27,0.8187919463087249,0.9815668202764977,0.9682539682539683,0.8875,0.8003587665852225,False
0.927,121,213,4,28,0.8120805369127517,0.9815668202764977,0.968,0.8838174273858921,0.7936473571892493,False
0.928,121,213,4,28,0.8120805369127517,0.9815668202764977,0.968,0.8838174273858921,0.7936473571892493,False
0.929,121,213,4,28,0.8120805369127517,0.9815668202764977,0.968,0.8838174273858921,0.7936473571892493,False
0.93,121,213,4,28,0.8120805369127517,0.9815668202764977,0.968,0.8838174273858921,0.7936473571892493,False
0.931,120,213,4,29,0.8053691275167785,0.9815668202764977,0.967741935483871,0.8801652892561983,0.786935947793276,False
0.932,118,213,4,31,0.7919463087248322,0.9815668202764977,0.9672131147540983,0.8729508196721312,0.77351312900133,False
0.933,117,213,4,32,0.785234899328859,0.9815668202764977,0.9669421487603306,0.8693877551020408,0.7668017196053567,False
0.934,117,213,4,32,0.785234899328859,0.9815668202764977,0.9669421487603306,0.8693877551020408,0.7668017196053567,False
0.935,116,213,4,33,0.7785234899328859,0.9815668202764977,0.9666666666666667,0.8658536585365854,0.7600903102093834,False
0.936,116,213,4,33,0.7785234899328859,0.9815668202764977,0.9666666666666667,0.8658536585365854,0.7600903102093834,False
0.937,115,213,4,34,0.7718120805369127,0.9815668202764977,0.9663865546218487,0.8623481781376519,0.7533789008134104,False
0.9380000000000001,115,213,4,34,0.7718120805369127,0.9815668202764977,0.9663865546218487,0.8623481781376519,0.7533789008134104,False
0.9390000000000001,115,213,4,34,0.7718120805369127,0.9815668202764977,0.9663865546218487,0.8623481781376519,0.7533789008134104,False
0.9400000000000001,115,213,4,34,0.7718120805369127,0.9815668202764977,0.9663865546218487,0.8623481781376519,0.7533789008134104,False
0.9410000000000001,114,213,4,35,0.7651006711409396,0.9815668202764977,0.9661016949152542,0.8588709677419355,0.7466674914174374,False
0.9420000000000001,114,213,4,35,0.7651006711409396,0.9815668202764977,0.9661016949152542,0.8588709677419355,0.7466674914174374,False
0.9430000000000001,114,213,4,35,0.7651006711409396,0.9815668202764977,0.9661016949152542,0.8588709677419355,0.7466674914174374,False
0.9440000000000001,113,213,4,36,0.7583892617449665,0.9815668202764977,0.9658119658119658,0.8554216867469879,0.7399560820214641,False
0.9450000000000001,112,213,4,37,0.7516778523489933,0.9815668202764977,0.9655172413793104,0.852,0.7332446726254909,False
0.9460000000000001,112,213,4,37,0.7516778523489933,0.9815668202764977,0.9655172413793104,0.852,0.7332446726254909,False
0.9470000000000001,112,213,4,37,0.7516778523489933,0.9815668202764977,0.9655172413793104,0.852,0.7332446726254909,False
0.9480000000000001,111,213,4,38,0.7449664429530202,0.9815668202764977,0.9652173913043478,0.848605577689243,0.7265332632295178,False
0.9490000000000001,110,213,4,39,0.738255033557047,0.9815668202764977,0.9649122807017544,0.8452380952380952,0.7198218538335448,False
0.9500000000000001,109,213,4,40,0.7315436241610739,0.9815668202764977,0.9646017699115044,0.841897233201581,0.7131104444375715,False
0.9510000000000001,109,213,4,40,0.7315436241610739,0.9815668202764977,0.9646017699115044,0.841897233201581,0.7131104444375715,False
0.9520000000000001,109,213,4,40,0.7315436241610739,0.9815668202764977,0.9646017699115044,0.841897233201581,0.7131104444375715,False
0.9530000000000001,109,213,4,40,0.7315436241610739,0.9815668202764977,0.9646017699115044,0.841897233201581,0.7131104444375715,False
0.9540000000000001,107,213,4,42,0.7181208053691275,0.9815668202764977,0.963963963963964,0.8352941176470589,0.699687625645625,False
0.9550000000000001,107,213,4,42,0.7181208053691275,0.9815668202764977,0.963963963963964,0.8352941176470589,0.699687625645625,False
0.9560000000000001,107,213,4,42,0.7181208053691275,0.9815668202764977,0.963963963963964,0.8352941176470589,0.699687625645625,False
0.9570000000000001,107,213,4,42,0.7181208053691275,0.9815668202764977,0.963963963963964,0.8352941176470589,0.699687625645625,False
0.9580000000000001,103,213,4,46,0.6912751677852349,0.9815668202764977,0.9626168224299065,0.8223938223938224,0.6728419880617325,False
0.9590000000000001,103,213,4,46,0.6912751677852349,0.9815668202764977,0.9626168224299065,0.8223938223938224,0.6728419880617325,False
0.9600000000000001,102,213,4,47,0.6845637583892618,0.9815668202764977,0.9622641509433962,0.8192307692307692,0.6661305786657594,False
0.9610000000000001,101,214,3,48,0.6778523489932886,0.9861751152073732,0.9711538461538461,0.816793893129771,0.6640274642006618,False
0.9620000000000001,101,214,3,48,0.6778523489932886,0.9861751152073732,0.9711538461538461,0.816793893129771,0.6640274642006618,False
0.9630000000000001,100,214,3,49,0.6711409395973155,0.9861751152073732,0.970873786407767,0.8136882129277566,0.6573160548046886,False
0.9640000000000001,100,215,2,49,0.6711409395973155,0.9907834101382489,0.9803921568627451,0.8143939393939394,0.6619243497355645,False
0.9650000000000001,98,215,2,51,0.6577181208053692,0.9907834101382489,0.98,0.8082706766917294,0.648501530943618,False
0.9660000000000001,96,215,2,53,0.6442953020134228,0.9907834101382489,0.9795918367346939,0.8022388059701493,0.6350787121516717,False
0.9670000000000001,96,215,2,53,0.6442953020134228,0.9907834101382489,0.9795918367346939,0.8022388059701493,0.6350787121516717,False
0.9680000000000001,93,215,2,56,0.6241610738255033,0.9907834101382489,0.9789473684210527,0.7933579335793358,0.6149444839637521,False
0.9690000000000001,89,215,2,60,0.5973154362416108,0.9907834101382489,0.978021978021978,0.7818181818181819,0.5880988463798595,False
0.97,87,215,2,62,0.5838926174496645,0.9907834101382489,0.9775280898876404,0.776173285198556,0.5746760275879135,False
0.971,85,215,2,64,0.5704697986577181,0.9907834101382489,0.9770114942528736,0.7706093189964157,0.561253208795967,False
0.972,83,215,2,66,0.5570469798657718,0.9907834101382489,0.9764705882352941,0.7651245551601423,0.5478303900040207,False
0.973,82,216,1,67,0.5503355704697986,0.9953917050691244,0.9879518072289156,0.7632508833922261,0.5457272755389231,False
0.974,82,216,1,67,0.5503355704697986,0.9953917050691244,0.9879518072289156,0.7632508833922261,0.5457272755389231,False
0.975,82,217,0,67,0.5503355704697986,1.0,1.0,0.7640845070422535,0.5503355704697985,False
0.976,81,217,0,68,0.5436241610738255,1.0,1.0,0.7614035087719299,0.5436241610738255,False
0.977,79,217,0,70,0.5302013422818792,1.0,1.0,0.7560975609756098,0.5302013422818792,False
0.978,77,217,0,72,0.5167785234899329,1.0,1.0,0.7508650519031141,0.5167785234899329,False
0.979,76,217,0,73,0.5100671140939598,1.0,1.0,0.7482758620689656,0.5100671140939599,False
0.98,72,217,0,77,0.48322147651006714,1.0,1.0,0.7380952380952381,0.4832214765100671,False
0.981,70,217,0,79,0.4697986577181208,1.0,1.0,0.7331081081081081,0.4697986577181208,False
0.982,65,217,0,84,0.436241610738255,1.0,1.0,0.7209302325581395,0.43624161073825496,False
0.983,62,217,0,87,0.4161073825503356,1.0,1.0,0.7138157894736842,0.41610738255033564,False
0.984,59,217,0,90,0.3959731543624161,1.0,1.0,0.7068403908794788,0.3959731543624161,False
0.985,55,217,0,94,0.3691275167785235,1.0,1.0,0.6977491961414791,0.3691275167785235,False
0.986,54,217,0,95,0.3624161073825503,1.0,1.0,0.6955128205128205,0.36241610738255026,False
0.987,51,217,0,98,0.3422818791946309,1.0,1.0,0.6888888888888889,0.34228187919463093,False
0.988,47,217,0,102,0.31543624161073824,1.0,1.0,0.6802507836990596,0.31543624161073813,False
0.989,40,217,0,109,0.2684563758389262,1.0,1.0,0.6656441717791411,0.26845637583892623,False
0.99,37,217,0,112,0.2483221476510067,1.0,1.0,0.6595744680851063,0.24832214765100669,False
